DROP DATABASE IF EXISTS monsterMaster;
CREATE DATABASE monsterMaster;
USE monsterMaster;

DROP TABLE IF EXISTS primary_element;

CREATE TABLE primary_element(
	primary_element_id INT PRIMARY KEY,
    name VARCHAR(50) NOT NULL,
    primaryColor VARCHAR(50)
    );
    
INSERT INTO primary_element(primary_element_id, name, primaryColor)
VALUES
	(0,'Fire', 'Red'),   
    (1,'Water', 'Blue'),
    (2,'Earth', 'Green'),
    (3,'Air', 'Yellow'),
    (4,'Light', 'White'),
    (5,'Dark', 'Black'),
    (6,'Neutral', 'Grey'),
    (7,'Physical', 'Brown'),
    (8,'Magical', 'Purple');

CREATE TABLE secondary_element(
	secondary_element_id INT PRIMARY KEY,
    name VARCHAR(50) NOT NULL,
    first_element_id INT NOT NULL,
    FOREIGN KEY(first_element_id) REFERENCES primary_element(primary_element_id),
    second_element_id INT NOT NULL,
    FOREIGN KEY(second_element_id) REFERENCES primary_element(primary_element_id)
    );
    
INSERT INTO secondary_element(secondary_element_id, name, first_element_id, second_element_id)
VALUES
	(0,'Pyro',0,0),
    (1,'Lava',0,1),
    (2,'Dino',0,2),
    (3,'Sand',0,3),
    (4,'Justice',0,4),
    (5,'Vengeance',0,5),
    (10,'Steam',1,0),
    (11,'Aqua',1,1),
    (12,'Amphibious',1,2),
    (13,'Weather',1,3),
    (14,'Ice',1,4),
    (15,'Deep',1,5),
    (20,'Fey',2,0),
    (21,'Plant',2,1),
    (22,'Terra',2,2),
    (23,'Pegasus',2,3),
    (24,'Compassion',2,4),
    (25,'Rotten',2,5),
    (30,'Phoenix',3,0),
    (31,'Seabreeze',3,1),
    (32,'Bird',3,2),
    (33,'Aero',3,3),
    (34,'Cocka',3,4),
    (35,'NightWing',3,5),
    (40,'Solar',4,0),
    (41,'Lunar',4,1),
    (42,'Guardian',4,2),
    (43,'Angel',4,3),
    (44,'Luxor',4,4),
    (45,'Redemption',4,5),
    (50,'Demon',5,0),
    (51,'Poison',5,1),
    (52,'Undead',5,2),
    (53,'Storm',5,3),
    (54,'Betrayer',5,4),
    (55,'Umbral',5,5);
 
 CREATE TABLE deity(
  deity_id INT PRIMARY KEY,
  name VARCHAR(50) NOT NULL,
  element_id INT NOT NULL,
  FOREIGN KEY(element_id) REFERENCES primary_element(primary_element_id),
  entropic_nature ENUM('Lawful','Neutral','Chaotic')
  );
  
  INSERT INTO deity(deity_id, name, element_id, entropic_nature)
  VALUES
	(0, 'Anu', 4, 'Lawful'),
    (1, 'Velhu', 1, 'Lawful'),
    (2, 'Sid', 2, 'Lawful'),
    (3, 'Gabriel', 3, 'Lawful'),
    (4, 'Ahros', 0, 'Lawful'),
    (5, 'Pythion', 5, 'Lawful'),
    (10, 'Bennu', 4, 'Neutral'),
    (11, 'Neptune', 1, 'Neutral'),
    (12, 'Gaia', 2, 'Neutral'),
    (13, 'Bacchus', 3, 'Neutral'),
    (14, 'Mars', 0, 'Neutral'),
    (15, 'Thanatos', 5, 'Neutral'),
    (20, 'Acheron', 4, 'Chaotic'),
    (21, 'Illian', 1, 'Chaotic'),
    (22, 'Webspinner', 2, 'Chaotic'),
    (23, 'Muir', 3, 'Chaotic'),
    (24, 'Malacathe', 4, 'Chaotic'),
    (25, 'Enemy', 5, 'Chaotic');
    
    
    CREATE TABLE faction(
		faction_id INT PRIMARY KEY AUTO_INCREMENT,
        name VARCHAR(50)
        );
        
	INSERT INTO faction(name)
    VALUES
		('Outdoorsmen'),
        ('Fighters Guild'),
        ('Church'),
        ('Mages'),
        ('Merchants'),
        ('Dwarves'),
        ('Missionaries'),
        ('Nobility'),
        ('Royalty'),
        ('Librarians'),
        ('Necromancers'),
        ('Astrologers'),
        ('Fox\'s Guild'),
        ('Gentlemen Thieves'),
        ('Bankers'),
        ('Investors'),
        ('Redeemers'),
        ('Gaia Worshippers'),
        ('Justicars'),
        ('Magistiars'),
        ('Sidden Monks');
    
    CREATE TABLE adventure(
     adventure_id INT PRIMARY KEY AUTO_INCREMENT,
     name VARCHAR(50) NOT NULL,
     requirements_id INT,
     faction_id INT
     );
     
     INSERT INTO adventure(name)
     VALUES
		('Initial');
        
CREATE TABLE scenario(
	scenario_id INT PRIMARY KEY AUTO_INCREMENT, -- the unique key identifying the scenario
    adventure_id INT NOT NULL, -- the adventure to which the scenario belongs
    FOREIGN KEY(adventure_id) REFERENCES adventure(adventure_id),
    name VARCHAR(50)
    );
    
INSERT INTO scenario(adventure_id, name)
VALUES
	(1,'Initial, light or darkness'),
    (1,'Light:Forest, Fire or Water'),
    (1,'Darkness:Forest, Fire or Water'),
    (1,'Fire:Forest, Earth or Air'),
    (1,'Water:Forest, Earth or Air'),
    (1,'Forest Demon Bird'),
    (1,'Forest Demon Critter'),
    (1,'Forest Deep Pool'),
    (1,'Forest Deep Pool2'),
    (1,'Forgotten Shrine'),
    (1,'Forgotten Shrine 2'),
    (1,'Magic Glyph'),
    (1,'Magic Glyph2');
    
CREATE TABLE choice(
	choice_id INT PRIMARY KEY AUTO_INCREMENT,
    scenario_id INT NOT NULL,
    FOREIGN KEY(scenario_id) REFERENCES scenario(scenario_id),
    name VARCHAR(50)
    );
    
INSERT INTO choice(choice_id, scenario_id,name)
VALUES
	(-1,1,' ');
    
INSERT INTO choice(scenario_id, name)
VALUES
	(1,'Go towards the light'),
    (1,'Embrace the Darkness'),
    (2,'Search for twigs to make a fire'),
    (2,'Find a source of water to drink'),
    (3,'Stay and make the best of things'),
    (3,'Abandon your house and search for others'),
    (4,'Free demon from trap'),
    (4,'Save bird'),
    (4,'Kill demon'),
    (4,'Leave in darkness'),
    (5,'Free demon from trap'),
    (5,'Save critter from demon'),
    (5,'Kill demon, eat critter'),
    (5,'Leave in darkness'),
    (6,'Drink deeply from the pool'),
    (6,'Dive into the depths'),
    (6,'Search around the pool for others'),
    (6,'Wait patiently in the darkness'),
    (7,'Drink deeply from the pool'),
    (7,'Dive into the pool'),
    (7,'Make shelter besides the water source'),
    (7,'Wait patiently in the darkness'),
    (8,'Say a prayer to the lost gods'),
    (8,'Burn the shrine'),
    (8,'Look for worshippers'),
    (8,'Praise the sun!'),
    (9,'Say a prayer to the lost gods'),
    (9,'Burn the shrine'),
    (9,'Look for food'),
    (9,'Praise the sun!'),
    (10,'Attune to the glyph'),
    (10,'Study the glyph'),
    (10,'Look for others'),
    (10,'Recognize the phases of the moon in the glyph'),
    (11,'Attue to the glyph'),
    (11,'Study the glyph'),
    (11,'Look for food'),
    (11,'Recognize the phases of the moon in the glyph');
    
CREATE TABLE statement(
	statement_id INT PRIMARY KEY AUTO_INCREMENT,
    scenario_id INT NOT NULL,
    FOREIGN KEY(scenario_id) REFERENCES scenario(scenario_id),
    choice_id INT Default -1, -- 0 choice_id indicates the statement is for the scenario prompt
    FOREIGN KEY(choice_id) REFERENCES choice(choice_id),
    content VARCHAR(500) NOT NULL
    );
    
--   SELECT scenario.scenario_id, choice.choice_id, scenario.name as 'ScenName', choice.name as 'ChioceName'
--   FROM scenario
--   RIGHT JOIN choice ON scenario.scenario_id = choice.scenario_id;

INSERT INTO statement(scenario_id, content)
VALUES
	(1,'You awaken in the darkness,'),
    (1,'With no memory or direction,'),
    (1,'Time passes but you cannot grasp it;'),
    (1,'A week, a month, a year comes and fades again.'),
    (1,'Then there is light'),
	(2,'The light reveals a forest all around you,'),
    (2,'Trees reaching into the heavens,'),
    (2,'Not fully revealed by the light,'),
    (2,'The black treeptops grasp at the stars.'),
    (3,'The light is temporary,'),
    (3,'And soon consumed by the darkness,'),
    (3,'Yet far above you, still there are stars.'),
    (3,'The starlight reveals you hidden in a copse of trees.');
    
INSERT INTO statement(scenario_id, choice_id, content)
VALUES
    (1,1,'Go towards the light'),
    (1,2,'Embrace the Darkness'),
    (2,1,'Search for twigs to make a fire'),
    (2,2,'Search for a source of water to drink'),
    (3,1,'Search for twigs to make a fire'),
    (3,2,'Search for a source of water to drink');
    
CREATE TABLE monster_type(
	monster_type_id INT PRIMARY KEY AUTO_INCREMENT,
    name VARCHAR(50) NOT NULL,
    description VARCHAR(750) NOT NULL,
    secondary_element_id INT NOT NULL,
    physical_evolution INT,
    balanced_evolution INT,
    magical_evolution INT,
	previous_evolution INT,
    monster_type_image VARCHAR(500)
    );
    
INSERT INTO monster_type(name, secondary_element_id,  physical_evolution, balanced_evolution, magical_evolution, previous_evolution,  description)
VALUES
	('Flarial',0,2,3,4,NULL,'Young spirits made of flame that snap and spit at anything that comes near. Their white eyes burn with anger at whatever they see.'),
    ('Pyrus',0,NULL, 5, NULL,1,'Minor demon, made of flame. Their arms are glowing iron blades, that they may never put down. They are cursed for their violence to never cease.'),
    ('Flarpup',0,NULL, 6, NULL,1,'Young flaming fox cubs dashing this way and that, famed both for their agility and their inability to slow down.'),
    ('Pyro Symbol',0,7, NULL,8, 1,'Magical symbols of the eternal flame, Pyro Symbols spark and burn to the touch. It is said they can see the future in the fire.'),
    ('Pyos',0,NULL,9,NULL,2,'Wingless drakes whose skin is lit aflame, the Pyos are known for their ferocity in combat and the red fire that spills from their jaws.'),
    ('Comet',0,NULL,10,NULL,3,'The adolescent comet has grown black horns from its wolflike body as a result of its propensity to bash its head into whatever its running at.'),
    ('Fire Opal',0,NULL,11,NULL,4,'A sentient red and orange stone, the is an enchanted rock that hovers at chest level. Large as a big pot, they are known for thier fierce loyalty to their masters, as well as their unquenchable heat.'),
    ('Pyro Elemental',0,NULL,12,NULL,4,'A large Pyro Symbol has attracted three smaller symbols to better channel its potent magics.'),
	('Pyres',0,NULL,NULL,NULL,5,'Greater demons with horns and wings, the flames of its breath and whip are legendary.'),
    ('Bollide',0,NULL,NULL,NULL,6,'When Comets have been consumed by thier anger, they form into a Bolides, huge comets whose speed only ceases at their deaths. Its very speed ignites the air, burning all in its path.'),
    ('Ruby',0,NULL,NULL, NULL,7, 'The Fire Opal has hardened and its power has increased tenfold, granting it a brighter sheen and allowing it to cast magic and attack physically with ever more vigor.'),     
    ('Primordial Pyro Elemental',0, NULL, NULL, NULL,8, 'The Primordial Pyro Elemental, has grown and now dominates 6 smaller symbols, one for each element. It channels these symbols to cast all manner of spells, making it a true master of elemental magic.'),
    ('Philammon',1,14,15,16,NULL,'A lesser son of Vulcan. though it is fire elemental, it is known for its somber mood, unlike other fire primaries'),
    ('Crerops',1,NULL,17,NULL,13,'Creops is a man size titan with a face of melting stone. Lava flows from its heart, a furnace controlling the stone and giving it life; its heart is also its weak spot. Small horns have sprouted from its head, that it uses mainly for defense.'),
    ('Oil Puddle',1,NULL,18,NULL,13,'The Philamon melted in the heat of the planet\'s mantle, dissolving into its constituent parts. After basking in the heat, it formed a sentient puddle of oil, giving off noxious, flammable fumes. It is fued by its anger, and enjoys being lit on fire.'),
    ('Corynetes',1,NULL,19,NULL,13,'A floating sphere of lava that glows and pulses from yellow to orange. It has a cracked shell of earth protecting it, within which the core dwells.'),
    ('Philottus',1,NULL,20,NULL,14,'An eight-foot tall fire monster with horns jutting from his head, made of lava and hunks of rock. His weak point is his molten heart, glowing near the center of his chest. It is protected by transparent rock. The more of this rock that is chipped away, the angrier and more dangerous he becomes. His horns have formed a kind of crown on his head, a claim of indomitable strength- defying a challenger to attack him.'),
    ('Lava Pool',1,NULL,21,NULL,15,'Spilling out from the earths molten core, this pool of lava is dangerous, spitting molten lava at all those around it, as if the pool itself is angry. It has feasted on the fumes and the heat of the core for an age, and now wishes to burn the overworld to make it another fiery home.'),
    ('Cercyon',1,NULL,22,NULL,16,'A floating lava-snake with two tails extending and circling around it. It has two tails so it can channel two different spells separately, one in each tendril. It has a molten core strongest at its center, that extends through each arm.'),
    ('Vulcanous',1,NULL,NULL,NULL,17,'A walking colossus of molten iron. Iron plates still red-hot protect the vulnerable molten core within, making the colossus near-impenetrable, except at the joints, which are still molten. Its rock hard horns now curl down each side giving it a terrifying appearance (like Durin\'s bane from the Tolkien universe).'),
    ('Magma Lake',1,NULL,NULL,NULL,18,'Heat and Noxious fumes erupt from this red lake, as if from the bowels of hell itself. It has come to overhwelm the surface world with its fiery wrath, and consumes all in its path, especially metals which strenthen iit. Ice is the only sure way of stopping it.'),
    ('Vagrus',1,NULL,NULL,NULL,19,'An actual lava dragon, snakelike with giant horns. A master of magic, it casts both fire and water in tandem with its breath, channeling the energies through its two massive horns. Unlike the Vulcanous, its core is a thin snake inside of it, allowing it to move more quickly, leaving it more vulnerable to attack, but also allowing it to channel energy from its surroundings more effectively.'),
    ('Salamander',2,24,25,26,NULL,'A limbless snake that dwells in hot places, typically deserts or volcanoes. It will bite when threatened. It is called a Salamander because of the myth that it can breathe fire, although it seems when angered, a small flame will light in the back of its throat. It is much weaker in colder climes, and its hide is behind only drakescale and dragonbone in terms of fire protection.'),
    ('Raptor',2,NULL,27,NULL,23,'Though weak on its own, Raptors, when working together can take down much larger prey. They are famed for their cunning and cruelty, often taking time to give the meat its \'savor\'.'),
    ('Winger',2,NULL,28,NULL,23,'A small flying dinosaur that resembles a bat, except for its cone-shaped head and large teeth. Wingers are known for their great vision and speed, often killing smaller prey before they knew they were under attack. The hooks in their wings, though small are devastatingly sharp and can rend through any armor with the slightest flaw.'),
    ('Herbisaur',2,NULL,29,NULL,23,'Large for an adolescent, the Herbisaur is a dinosaur that is slow target- but beefy. Its skin is so thick and tough that often predators will grow tired and seek different prey. Herbisaurs are named because they don\'t eat any meat, but they eat nearly everything else- all the time. Many use this to explain why they are so large at such a young age.'),
    ('Tyrant',2,NULL,30,NULL,24,'A giant monster with huge jaws capable of enveloping a human whole, the tyrant is the lord of the plains. Its skin is charcoal grey because it nests in the charred hides of its prey. Tyrants are known for their ability to breathe fire, which it often does to quickly kill enemies that are too fast to catch.'),
    ('Steel Winger',2,NULL,31,NULL,25,'A larger Winger with a steel beak and wings. The winger thought it would be cool to go steel, but it didn\'t account for the weight, which slows it down and in extreme cases keeps it from flying. The added defense is exceptional though, and the steel hooks in its claws and beak have an even greater penetrating effect than the raw bone of the Winger.'),
    ('Spikevorsaur',2,NULL,32,NULL,26,'A massive monster that has spikes protruding from every inch of its hide, The Spikevorsaur is a superb defensive combatant. Though slow, it can bellow at enemies, enraging the stupid and aggressive, to protect its fellow monsters. It uses the same call in mating, and female Spikevorsaurs favor a mate with large, pointy spikes, the redder the better.'),
    ('Great White Tyrant',2,NULL,NULL,NULL,27,'Decades of curing scale plate with the ashes of fallen enemies have turned the Tyrants scales and horns white- a manner of bone harder even than steel. Its gaze is said to so terrifying that its prey freezes in fear when they meet it. Why this superstition is though, no one knows, as a meeting with a Great White Tyrant rarely leaves any survivors.'),
    ('Edge Winger',2,NULL,NULL,NULL,28,'The EdgeWinger is and evolved SteelWinger, that shaved off the edges of the steel so that its really sharp- and light enough it can fly again. The edges of its wings (for which it is named) are so sharp that a thread, when dropped over them, is cut by its own weight. Natural bonesmiths revere the skeleton for its usefulness in making rare blades. It has enough weight and control in the sky that it can dive straight down at terrifying heights and speeds, slicing through it enemies without warning in an \'edge dive\'.'),
    ('Broncheospikesaur',2,NULL,NULL,NULL,29,'Most monsters draw within their bodies when they are old, leaving a bony outer shell to protect themselves. Not so the Broncheospikesaur. Its blood has developed regenerative capabilities and flows near the skin healing any minor damage. This doesn\'t make the Broncheospikesaur vulnerable, however, since it can near instantly regenerate any damage that penetrates its shell deep enough to strike blood. Its bleating roar is also famous for being able to enrage all opponents at once. That combined with the regeneration and the thorny skin make the Broncheospikesaur one of the most capable defensive monsters around.'),
    ('Kangarat',3,34,35,36,NULL,'The Kangarat is a small rodent that can spend its whole life without having to drink any water. It is wise in the ways of the desert, and knows where to hide during sandstorms. Unlike most furry creatures, it relishes having sand in its fur. It can tell the direction of the nearest water using its feet, and is a valued pet among the caravaneers that brave the desert.'),
    ('Slynx',3,NULL,37,NULL,33,'A Slynx is a mythical sand cat that has haunting eyes and can speak, but only speaks in riddles. Whenever asked a question, it answers with another question, usually pointing at the right answer. If the Slynx has no clue though, it will just repeat the question asked of it, it is about the size of a mountain lion'),
    ('Skorpi',3,NULL,38,NULL,33,'A Scorpi is a small scorpion that is red and very venomous. It is not, however, poisonous, and baked Skorpi casserole is one of the delicacies in the desert, although it is very hot- usually too hot for foreigners.'),
    ('Humpless',3,NULL,39,NULL,33,'A humpless is a sad camel without a hump. It can magically control the sand with its mind and keeps some in the gourd across its back. It is infamous for never getting any action, and that might be why its so sad. A charm shaped like a humpless us used to protect rich peoples daughters.'),
    ('Sphynx',3,NULL,40,NULL,34,'The Sphynx has the head of a man and the body of a lion, like the Slynx it evolved from, it speaks only in riddles, however, these riddles are more difficult. It lacks wings, although older Sphynx will grow them and use them for flight'),
    ('Scarpi',3,NULL,41,NULL,35,'A Scarpi is a large scorpion whose plates have turned into armor, although they do bear scars from its earlier encounters. It is named after the fabled storyteller who is credited with the creation of its myth. Indeed they were so rare that many didn\'t believe Scarpi when he told his stories. Obviously, the doubters were wrong.'),
    ('Unihump',3,NULL,42,NULL,36,'A Unihump is a camel with a single hump. It stores water in this hump obviously and can cast sandstorm with its mind. Its fur is designed to cause a slight breeze beneath the heat, cooling it to prepare it for long days in the hot sands. Though slow, it is beloved by the caravaneers of the desert for its hardy ability to carry lots of weight, and for its general good nature.'),
    ('Greater Sphynx',3,NULL,NULL,NULL,37,'The Greater Sphynx is a very large sphynx with haunting eyes that also speaks in riddles and analogies. Unlike its smaller cousings, it has large folded wings along its back. It cant fly with them, but when it spreads them out, it looks very intimidating. The feathers alternate between jade and turquoise, and as these are precious metals, the Greater Sphynx was once hunted for its wings. But then they killed and ate all the hunters after they failed their questions, so that was over quickly.'),
    ('Scorpious',3,NULL,NULL,NULL,38,'The Scorpious is a descendant of the giant Scorpion that killed Orion. Huge and black as night, its shiny carapace is highly valued in the eastern empire to use making armor and shields, for despite its black coloring, it is quite cool, even in the most desperate heat. Its terrible claws can burrow in the sand, making it disappear in moments, and reappear unexpectedly behind its prey.'),
    ('Bihump',3,NULL,NULL,NULL,39,'The Bihump has mystical powers and can control sand with its mind. A loyal beast, it will entomb any that threaten its caravaneer masters in sand. It can cast Fire and Air magic simultaneously, one spell from each hump, and due to its hardiness and wisdom is a prized fighter in the desert arenas. It can be rather slow at times, but it is always a deliberate, directed action that is slow. The beast uses each moment to its fullest.'),
    ('Angier',4,44,NULL,45,NULL,'The youngest justice monster, Angiers are very concerned with right and wrong, although their own moral compass is still undeveloped. This can lead to interesting situations, commonly Angiers pray at altars too long, forsaking food and water, thinking it is the \'right\' thing to do. Part of their journey is learning moderation in the principles they stick to blindly.'),
    ('Justicar',4,NULL,46,NULL,43,'The Justicar appears as a lesser knight in shining chainmail and a golden crest upon its helm. It holds a wooden shield painted white in its left hand with an iron sword in its right. It has a cloth half cape edged in yellow. The Justicar believes solidly in the rule of law and protects the weak. However, if it views the weak to be unvirtuous, it will leave them to suffer, believing that their karma will sort them out.'),
    ('Ayurved',4,NULL,47,NULL,43,'The Ayurved is a healer that calls upon faith to direct the healing of its god. It is better at healing the virtuous and refuses to touch the vile. The Angier it has grown from had its horns grow into scales on which it balances the morality of its target. It doesn\'t care whether the target is an enemy or a friend, it will only heal the virtuous and only harm the wicked.'),
    ('Ordinator',4,NULL,48,NULL,44,'The ordinator is a justicar who has served its term as a city guard and now goes forth to right whatever wrong it sees. It stands in shining white steel plate mail with a steel shield edged in gold with a knee-length white silk cape edged in gold.'),
    ('Anyr',4,NULL,49,NULL,45,'The Anyr is a judge that has been given the full authority of the church to act in the interest of the greater good in whatever way it thinks best. It can only be second-guessed by a clergyman ranked bishop or higher. It has the ability to cast a spell that heals all light elementals and harms all dark elementals but does not discriminate between friend and foe. It is loosely based on the amyr form Patrick Rothfuss\' kingkiller chronicles. which you should read, by the way.'),
    ('Zireal',4,NULL,NULL,NULL,46,'The Zireal is the angel of justice. Wears a white garb with a golden tassel. Blindfolded with a white cloth, but never misses. Wields a sword in one hand and a shield with scales in the other.'),
    ('Justicer',4,NULL,NULL,NULL,47,'The Justicier is a quiet robed figure, who can speak into the ears of the wicked. For her, the ends justify the means, and any means will be used for the betterment of mankind.'),
    ('Spiten',5,51,NULL,52,NULL,'Unsurprisingly, Spitens are known for being unforgiving and cruel. While not large enough to inflict the vengeance they desire, they still keep a list in their heads of all who wronged them- so their anger can be satisfied at a later date.'),
    ('Jacobia',5,NULL,53,NULL,50,'The Jacobia looks for all intents and purposes, a demon. It hates all the evil in the world with a passion. It represents the hotter, angrier side of vengeance. It plans to kill them all but does not realize, after all the evil has been slain, it will still have one last murder to perform. It does bonus damage to creatures with a dark element and less damage to creatures with a light element.'),
    ('Lizbet',5,NULL,54,NULL,50,'It is a play on the Elizabethan revenge tragedy. She has an obsidian curving circlet on her forehead, coming to a point in the center of her brow. Her skin is ashen, her hair bloodred, her eyes, that only open when she casts spells, are yellow. She represents the quiet revenge, cold and calculated, and speaks seldom, then only in a whisper. To tell her allies why they failed her, at the summit of their defeat.'),
    ('Letham',5,NULL,55,NULL,51,'A Letham is a creature that once loved passionately and had its love taken away. It looks like a human, except corrupted by anger and hate. It is slowly losing its sense of justice, and is beginning to admit to itself what it really wants. Its horns and claws are twisted and cruel- much like its soul.'),
    ('D\'Hoffry',5,NULL,56,NULL,52,'The D\'Hoffry are male vengeance angels with red wings. They are crueler than their cousins, the Lethams, but much less vicious and able than their stronger female relatives, the Halfrecs. It channels hot vengeance energy through its red wings. The feathers of the wings are sharp, and can cut into the flesh of the guilty- their blood is what gives the wings their color, while their screams are what give his face its countenance. It is willing now- to do what is required in pursuit of its goals- no matter the cost.'),
    ('Revenant',5,NULL,NULL,NULL,53,'The revenant wears Red steel, outlined with sharp blacklines. The full helm covers the entire head and has red horns, though whether these horns are a part of the helmet or the demon is unknown. Its claws appear sharp if worn down, but shine when covered with the blood of the guilty. The Revenants justified rage is old now- it has slain its enemy, though the cost was dear- it no longer recognizes itself, and on its path to vengence, it has become something worse even than the evil it slew.'),
    ('Halfrec',5,NULL,NULL,NULL,54,'A Halfrec is a female vengeance demon with dark wings coated in spikes and cruel hooks. It is unforgiving and believes itself to be doing what is right. They are slowly coming back after a buff vampire slayer killed most of them. Unlike their cousins the D\'Hoffrys, the Halfrecs can channel and control their hate for better use later instead of exploding. This magical energy is concentrated in its large intricate red horns, that glow with hot rage energy that can be directed as the Halfrec wishes. It is the very embodiment of the phrase: \'Hell hath no fury like a woman scorned\'.'),
    ('Minor Steamlet',10,58,NULL,59,NULL,'The minor steamlet is a young demon made of steam. It cannot be harmed by physical attacks but has very little health. A small amount of white phosporus drives its core, and if this phosporous is damaged, it will die quickly.'),
    ('Lesser Steamlet',10,NULL,60,NULL,57,'The lesser steamlet is a slightly older steamlet that can briefly dissipate and come back together. Is it strategically advantageous? Probably only if your delaying for the resurrection of a phoenix. A larger amount of white phosphorus is at its core, that allows it to live outside of its humid environment longer'),
    ('Scaldar',10,NULL,61,NULL,57,'A phantom of steam, seeming to appear and reappear at will, the Scaldar rejoices in wrapping itself around its enemies, burning them with its phantasmal body.'),
    ('Steamlet',10,NULL,62,NULL,58,'The Steamlet is a mature monster that no longer laughs at childish or raunchy jokes. As such, its soul is dead, and its not fun to be around, especially if its friends are older. It has uncommon yellow phosporous at its core.'),
    ('Excoriator',10,NULL,63,NULL,59,'This sentient ball of heat seeks out all non-steamlets who fail to fit in its domain. It delights particularly in burning and consuming the skin off of intruders, which it can consume with its corrosive vapors.'),
    ('Greater Steamlet',10,NULL,NULL,NULL,60,'The Greater steamlet is known only by the rare master that tries to collect them all, because its relatively useless and very hard to obtain. As you are reading this, you must have obtained it, so congradulations, you have found one of the most obscure elders. Sorry its not very useful in combat or anywhere else.'),
    ('Meldor',10,NULL,NULL,NULL,61,'This sentient ball of red vapor contains its own aerosol digestive system of corrosive vapors. When caught in its grasp, its victims skin melts.'),
    ('Minnow',11,65,66,67,NULL, 'A small fish with bright blue eyes, they are happiest in water. However they are magical and can follow their masters by floating in air with limited trouble. They have a hard bony plate on their foreheat that they use to strike any threat they can\'t run away from, and are known to master magic at a young age. Though friendly, they do not seek out company, preferring to isolate. Very thin, they are known to seemingly disappear when travelling directly at or away from an observer.'),
    ('EdgeFin',11,NULL,68,NULL,64, 'EdgeFinn is a larger version of the Minnow with a serrated crest and fins, as well as small, razor-sharp teeth. unlike most fish, its eyes face forward to stalk its prey, like the carnivores on land. It is known for hunting its prey with persistence, and it can smell blood three miles distant.'),
    ('Cuddlerfish',11,NULL,69,NULL,64,'A Cuddlerfish is shaped like a Cuttlefish but also loves cuddling. That\'s why typically they come in pairs. They separate infrequently, and when they do, both halves become very needy and inevitably float back together. They are the very picture of toxic codependence.'),
    ('Aqua Symbol',11,70,NULL,71,64,'A silver Taurus, with a sapphire sphere at its base. Etched on the Sapphire Sphere is the water Symbol. When it attacks, the crest appears in the center of the Taurus, and water drips from it. When one is near, calmness and complacency echoes in the mind.'),
    ('Slicefin',11,NULL,72,NULL,65,'Slicefinn is a shark. A hammerhead shark whose front finn is sharpened steel. It has a sensor on either end of its fin, that is both an eye and an underwater nose. As a result it can \'smell\' blood in three dimensions underwater, for eight miles in any direction'),
    ('Snugglerfish',11,NULL,73,NULL,66,'The toxic codependency of the cuddlefish has reached its apex, and the two cuddlerfish have fused into a single Snugglerfish. The Snugglerfish couldn\'t be happier though, each half truly fulfilled in its connection with the other. Who am I to judge?'),
    ('Torquoise',11,NULL,74,NULL,67,'A green-Blue stone formed over the centuries under the ocean, that channels magical power. They are famous for ornamenting pirate queens.'),
    ('Aqua Elemental',11,NULL,75,NULL,67,'The Aqua Elemental is a large aqua symbol that has six crystallized water droplets on each of its six points. Its incredible mastery of magic has attracted additional symbols, and it can cast magics of those elements as well, though it is still most comfortable casting water magic.'),
    ('Blue Dragon',11,NULL,NULL,NULL,68,'A blue dragon that lives under the sea. It has incredibly sensitive scales, which it uses to sense prey. Despite its massive girth, it is quick enough to keep itself well fed. Under the oceans, it only fears Krakens in deep water, alhough it will fight a Levithan only at great need. As the top of the underwater food chain, some grow lazy, and gather treasures from shipwrecks for their massive hoards.'),
    ('Leviathan',11,NULL,NULL,NULL,69,'A Leviathan is a giant sea monster that can shoot a very pressured stream of water at its enemies. It grew from a huge collection of Cuddlerfish that fused together. It haunts the oceans and is an unstoppable force below the waves.'),
    ('Sapphire',11,NULL,NULL,NULL,70,'Gleaming, and hewn from rock far beneath the ocean floor, a Sapphire is a bright blue stone that can serve as a channel for aquatic magic. It is highly prized for its shininess, though any treasure seeker that would wish to kill it should take heed. It is very dangerous when threatened, able to cast water magic, as well as having a near impregnatable carapace, and damaging the carapace would reduce the value of the stone.'),
    ('Primordial Aqua Elemental',11,NULL,NULL,NULL,71,'A collection of Elementals, with a large Aqua elemental in the center with the five other elements represented as smaller elementals around the edge. When the Atronach wants to cast spells from other elements, it pulls that elemental into the center and channels its magic energy through both. It is known as having the strongest magical capacity of any monster, and can cast toe-to-toe with even the strongest archmagi.'),
	('Tapple',12,77,78,79,NULL,'The Tapple\'s parents were terrible at naming babies, so they asked the tapple what it would like to be called. It tried to say tadpole, but as it was a baby, it couldn\'t pronounce it properly. The name stuck. The tapple is blue-green and is very proud of its long double-finned tail. Its parents told it not to get too attached, but it did anyway'),
	('Hider',12,NULL,80,NULL,76,'The hider relies on its thick shell to save it from any incoming attack. It is still quite agile while hidden in its shell, and will slam its shell on its enemies to attack. Its shell is camouflaged in the swamplands where it dwells to appear as a simple mossy stone.'),
    ('Rainbow Frog',12,NULL,81,NULL,76,'The rainbow frog is a frog that is colored like a rainbow. It was nearly hunted to extinction by the leprechauns, but they gave up when they realized that it wasn\'t always sitting on a pot of gold. In fact, it never was. Poor dead rainbow Frogs... There is animosity between the Rainbow Frogs and the leprechauns to this day. Their skin is highly prized for its hallucinogenic properties, and it was nearly hunted to extinction, until it became poisonous as well.'),
	('Frogami',12,NULL,82,NULL,76,'The frogami likes nothing better than to sit and meditate. It has mystic powers, and can see glimpses of the future. Licking its back is supposed to bring bad luck, which makes me wonder why anyone would do it, because it\'s poisonous and causes hallucinations. And while you\'re hallucinating, there\'s an angry magic frog annoyed that you licked its back. Or is that the hallucination? Little known fact: it was cut out of Naruto because it was too cool for either Jyria or Naruto to learn from.'),
	('Snapper',12,NULL,83,NULL,77,'The snapper rams its horned shell and tail on its enemies to disorient them then snaps with its massive jaw to cripple whatever it can grab on to. It Hides in the water, and on land, to ambush its prey, which it must get in the first bite or so, as it is very slow.'),
    ('Frogaudy',12,NULL,84,NULL,78,'The frogaudy is not only rainbow, it also sparkles. It found this fake diamond ring once, thought it was shiny and awesome, and its wardrobe has only gotten shinier since then. Now it has a golden hat and a monocole as well. Its super fancy and thinks that its \'posh\' but all the \'posh\' people think that its cheap.'),
    ('Esotoad',12,NULL,85,NULL,79,'The esotoads left arm is blue, and its right arm is green. With its left it has telekineic control over the water, with its right it has telekinetic control over the earth. It became too lazy to walk long ago, and now whenever it wants to go somewhere it will conjure a sphere of water to float in, or a mass of land to sit upon that it then guides to its destination.'),
    ('Crusheller',12,NULL,NULL,NULL,80,'A giant Dragon Tortoise, the Crusheller likes nothing better than to grab ships with its massive jaw and let loose. This works on things smaller and less sturdy than ships as well.'),
    ('Frogealer',12,NULL,NULL,NULL,81,'The Frogealer is a shifty frog whose slime has addictive hallucinogenic properties. When it comes into contact with anyone, friend or foe, a random effect is applied.'),
    ('Metitode',12,NULL,NULL,NULL,82,'The Meititode is constantly in meditation. It shields itself in a sphere of mud to protect itself. It is rightly considered the master of the natural elements, and can cast all levels of the natural magics. However, it is vulnerable to the moral elements.'),
    ('Cirrus',13,87,88,89,NULL,'A small cloud that curves around like a snake. It has no mouth and a small blue diamond on its head, its body is covered by fog, and it is lighter than air. Despite being a cloud, it resembles... a sheep?'),
    ('Cumulus',13,NULL,90,NULL,86,'A towering cloud with a yellow wolfs head that has no compunction about gliding down and biting something with its thunderFang when annoyed'),
    ('Stratus',13,NULL,91,NULL,86,'The stratus is a cloud with a somber sheeps head that is very depressed and cries all the time. This is why it rains often when this particular cloud is out. It is highly against convective slavery, and even calls itself a free-convective.'),
    ('Nimbus',13,NULL,92,NULL,86,'The nimbus basically looks like a floating turtle with glasses, except the shell is a cloud and the head is yellow with a lame curly loop for hair. Its glasses are black, how they float I don\'t know'),
    ('Nephol',13,NULL,93,NULL,87,'The Nephol is a cloud dragon with a yellow head an claws and no wings because it can float. It breathes lightening at its enemies.'),
    ('Cumulostratus',13,NULL,94,NULL,88,'The Cumulostratus can spread itself thin and use the water droplets that make up its mass as a lens to focus the sun on the battlefield, increasing fire and solar damage. However, it cannot attack while this is going on. In appearance it is rather formless, drifting high.'),
    ('Nimbuloponderant',13,NULL,95,NULL,89,'The Nimbuloponderant is a greater turtle that can cast heavy rain on the battlefield. The effect is the same as rain except 1.3 times stronger and weather attacks are strengthened'),
    ('Thunderus',13,NULL,NULL,NULL,90,'The Thunderus is a lightening dragon that flies through the clouds. Its roar is frightening to behold'),
    ('Cirricumulus',13,NULL,NULL,NULL,91,'The Cirricumulus is less concerned with rain and more concerned with air currents. It can cast air funnel which increases the damage of air-based attacks for the duration of the battle. In appearance its a greater wolf with a very long tail that is often wrapped around itself.'),
    ('Cumulonimbus',13,NULL,NULL,NULL,92,'A greater Ice dragon, made eniterly of frozen raindrops and hail, the Cumulonimbus is a master of weather magic and can summon hurricanes and blizzards at will'),
    ('Snoball',14,97,98,99,NULL,'The Snoball is a ball of snow, and no one can tell quite whats inside, as many different young snow creatures stay in the ball of snow until a teenager. It has the passive ability melt, which lessens the other teams fire abilities after it is slain'),
    ('Fauxice',14,NULL,100,NULL,96,'The FauxIce is a timid ice fox with a white pelt. It often makes ice sculptures of itself to decoy enemies. It can only do this once per battle though.'),
    ('Princeguin',14,NULL,101,NULL,96,'The Princeguin is a young emperor penguin that has yet to prove its worth. In penguin society, blood means little, so though the Princeguin was born in the royal family, he still has work to do before being a contender for the throne.'),
    ('Icebreaker',14,102,NULL,103,96,'The icebreaker is an ice demon with a staff that has a large snowflake on its crest. It casts cold magic, and is great at starting conversations with women, especilly at parties. It knows lots of good pick up lines and even more bad ones.'),
    ('Freki',14,NULL,104,NULL,97,'The freki is an ice wolf that has ice instead of fangs, its fur is white, and it is capable of using ice fang to freeze its foes, preserving their meat through the frigid winter.'),
    ('Kinguin',14,NULL,105,NULL,98,'The kinguin has distuinguished itself on the field of battle for the Emperorguin, and has been afforded territories as such. It has yellow plumage on its head that represents its crown, however it is nowhere near as robust as the Emperorguin\'s'),
    ('White Limper',14,NULL,106,NULL,99,'The white limper is an ice zombie that weilds a sword of ice and for some odd reason holds a grudge against people wearing black clothing, cloaks in particular. It also holds a great aversion to black-feathered birds, especially scavengers.'),
    ('Ice Witch',14,NULL,107,NULL,99,'the Ice witch is in the process of selling her soul to the cold gods of death. Her eyes have turned a cruel blue, and the frost has bitten her extremities white. She is no longer capable of human speech, and the cursed shawl with which she surrounds herself has a icy blue tinge to it. She attacks with a frozen sycamore staff with a cold blue stone at its center. She is well versed in ice magic and thrives in the cold.'),
    ('Bearon',14,NULL,NULL,NULL,100,'The Beaorn is a great polar bear with silver plating chased blue. It is known for its speed and its bulk which it uses to overwhelm attackers. It is stronger when surrounded by Fauxice and Freki which it considers its children.'),
    ('Emperorguin',14,NULL,NULL,NULL,101,'The Emperorguin is the unquestioned leader of the guins and has red and yellow plumage to symbolize its authority. It has a passive ability that icreases the damage done by all ice attacks for the attackers side.'),
    ('Iceking',14,NULL,NULL,NULL,102,'The Iceking is one of the generals of the white army, and can move very quickly despite its monstrous size. It commands and controls lesser frozen undead to great effect and wears a thorny crown of black ice.'),
    ('Ice Lich',14,NULL,NULL,NULL,103,'The Ice lich is the penultimate ice demon that has transformed itself into full lich form. As such, it is very hard to destroy, as it has forsaken life itself in exchange for the freeze. It can drain heat from an enemy, freezing even the most fiery souls.'),
    ('Deepfish',15,109,110,111,NULL,'The Deepfish is a small fish used to the echoes of the darkness. Its face is sunken, its scales are dark and ruddy, the spines of its fin are black, but the webbing is blue. It feeds at the bottom of the ocean where no light can penetrate, and is accustomed to pressures that would crush the common man'),
    ('Inker',15,NULL,112,NULL,108,'The inker is a baby giant squid (in other words, a squid) that squirts ink in the eyes of its enemies, lowering their accuracy'),
    ('Starish',15,NULL,113,NULL,108,'The Starish is called so because it is kinda like a star except its also a fish. Its entire back is one large gaping mouth, which it uses to latch on to unsuspecting prey in the depths'),
    ('Jelly',15,114,NULL,115,108,'The jelly is a small translucent purple magical fish that is bell-shaped and floats around. It seems to have a different kind of conciousness and understanding. It is incredibly poisonous, and wraps its tail around its enemies to sting them'),
    ('Vasquid',15,NULL,116,NULL,109,'The Vasquid is a full-fledged giant squid that is the size of a house when under water and considerably smaller when over land. Its tentacles are very strong and hard and can break even the most resilient bones. The only way to survive this fish is to dodge it.'),
    ('Ninjastar',15,NULL,117,NULL,110,'The Ninjastar is a starish that gained sharp blades on its arms. To attack it throws itself at its enemies.'),
    ('Hydroza',15,NULL,118,NULL,111,'The Hydroza is a translucent (and nearly invisible in dark water) large jellyfish that constricts its prey and eats them alive. As the fish is translucent, it is the only known monster in which you can see a prey species being digested. It has poisonous spikes on the mandibles with which it attacks its prey.'),
    ('Stauroza',15,NULL,119,NULL,111,'The Stauroza is a large opaque black jellyfish that has a white star on the inside of the top of its bell. It can direct this light like a flashlight onto unsuspecting prey that swim towards the light, unaware that the Stauroze is about to devour them.'),
    ('Kraken',15,NULL,NULL,NULL,112,'The Kraken is a sea monster that is capable of breaking ships with its limbs. Its a really dangerous giant squid. If you\'re having trouble picturing it, think Pirates of the Carribean, Dead mans chest.'),
    ('Death Starish',15,NULL,NULL,NULL,113,'The DeathStarFish is actually a collection of starfish attached to a piece of metal that fell from the sky after a huge space battle. Its a huge space ship fan, but for copyright reasons always emphasizes the "Fish" of Death Starish, to make lawyers happy and to keep people from getting offended. He learned this from his friend the white power ranger.'),
    ('Hydoridolina',15,NULL,NULL,NULL,114,'The Hydoridolinia is actually a group of Hydroza and smaller jellyfish that comes together and is controlled by a single conscious mind.'),
    ('Trachylina',15,NULL,NULL,NULL,115,'The Trachylina is an ascendant deep magical user that can use pressure pulse on all enemies. Its aspect is a huge purple Jellyfish whose tail and antennae can direct the will of Illian on all their enemies. It is the monster most beloved by its master for its pure magical potency and its brutality.'),
    ('Sprite',20,121,122,123,NULL,'The sprite is about nine inches tall, and three of those inches are a ridiculously large brown hat, wizard-style with a black belt and a golden buckle. it has a mischievous face with a big red ruddy nose and is always smiling. It is wearing a green frock and brown pointed boots with a black strap and gold buckle. The hem of the green frock is cut into right angles. It can fly, obviously, and enjoys casting mischevious magic. Its personality is similar to everyone\'s annoying little brother.'),
    ('Poorprechaun',20,NULL,124,NULL,120,'The Poorprechaun is a leprechaun who has lost its pot of gold. As the leprechauns are a people who base worth on how much gold one has, this little guy is a little down on his luck. As such he will often result to thievery in order to advance himself. As leprechaun\'s magic is based on their money, this poor guy cant do a lot.'),
    ('Aos Si',20,NULL,125,NULL,120,'The Aos si is a lesser elf about 4 foot tall that wears sage and whose skin has a greenish hue'),
    ('Shaboy',20,NULL,126,NULL,120,'The shaboy is an inexperienced shaman, whose collar of bones is unfinished and has only peach fuzz where the requisite beard should be. As beards indicate magical potency, this Shaboy has a lot to learn.'),
    ('Poshprechaun',20,NULL,127,NULL,121,'The Poshprechaun has gotten some money, and now wears a blazer with tails, a monocle and a top hat with a sash. Its attacks damage is based on how much money the owner has.'),
    ('Tallf',20,NULL,128,NULL,122,'The Tallf is an elf that is tall. Think Tolkien, not Santa\'s workshop.'),
    ('Shaman',20,NULL,129,NULL,123,'The shaman has a necklace of bones and a hat because he\'s bald. BUT his beard goes to his neck, and is thick and tough like moss.'),
    ('Metafilthy Poshprechaun',20,NULL,NULL,NULL,124,'The Poshprechaun is metaphorically filthy because its stinking rich. Instead of the classic black suit and bow tie duds, they\'re solid gold thread.'),
    ('Elder Elf',20,NULL,NULL,NULL,125,'The elder elf also has long facial hair and is bald. Elder elves are famous for speaking cryptically and in riddles. However, every Elder Elf has a terrible secret: They don\'t know the answers to their own riddles and only say them because they think its funny to frustrate tired, desperate adventurers.'),
    ('Shamage',20,NULL,NULL,NULL,126,'The Shamage has mastered hermitic magic and has vast experience delivering babies, healing livestock and curing curses on the farm folk that it lives near. Or is very good at pretending to anyway, very convincing. At least enough to keep getting money from them. Bastard.'),
    ('Stiket',21,131,132,133,NULL,'The Sticket pretends to be magical but isn\'t. Its very depressing huh? Its basically just a small stick that can move on its own. But its very good at listening, probably because it cant talk. If it could though it would always advise revenge by saying \'Sticket to em!\''),
    ('Thorner',21,NULL,134,NULL,130,'Little more than a spikey bush, the Thorner disguises itself as foliage. It is planted around natural holy sites to ward off intruders, though it can walk in a fashion after being uprooted.'),
    ('Spriggan',21,NULL,135,NULL,130,'A delicate flower, grown wide with earthen magics, a spriggan is a natural green guardian of the forest, that uses its whip to attack intruders at a distance. Its elbow-length hair is made of natural flowers, which enhance its latent magical ability.'),
    ('Trig',21,NULL,136,NULL,130,'A small nerdy twig that just loves math. It can recite all of the mathematical properties up to vector calculus off of the top of its head, it especially loves sine, cosine and tangent. It always remembers to bring an apple for the teacher. It cant see very well (as it lacks eyes) and thus keeps its bifocals on at all times.'),
    ('Treant',21,NULL,137,NULL,131,'A ten foot walking tree, also called a shepherd of the forest, the giant Treant tends to be non-hostile. When its ire is awoken however, it traps its foes with quick growing vines from its roots, only then can its slow lumbering strikes hope to strike even the slowest enemy.'),
    ('Sylvan',21,NULL,138,NULL,132,'A beauteous matron of the forest, the Sylvan is a Spriggan all grown up, and can bend the will of the plants around it to serve it in conflict. It has healing prowess for natural (earth elemental) allies, but is unwilling to aid anything else.'),
    ('Professtrig',21,NULL,139,NULL,133,'The trig went to college and became a professor which is why he has big white bushy eyebrows and mustache. His most damaging attack is assigning math homework which deals more damage the closer the opponents intelligence is to the average level, because if its much lower than that the target doesn\'t care and much higher and the homework is easy.'),
    ('Arch Treant',21,NULL,NULL,NULL,134,'The father of the forest is not to be trifled with, do not mistake him for slow or weak despite his massive girth. He can shoot blades of leaves from his hair and entangle any that get near in his roots'),
    ('Earth Mother',21,NULL,NULL,NULL,135,'As one with nature, the Earth Mother is responsible for the care of the forest, and will defend it against any trespassers. Her flower hair can be used in potent healing tonics, and she often will rescue troubled travelers, so long as they are pure of heart, and do not harm any part of the nature she watches over.'),
    ('Tenured Professtrig',21,NULL,NULL,NULL,136,'The Professtrid has tenure, thus doesn\'t actually have to work anymore and can do whatever it wants. It also has a stare that can put someone in their place, as long as that person is not the dean. It is amazed by its tenure, because, once given, the Professtrig never has to work again - but its so smart that the college was willing to give it that kind of resource.'),
    ('Bulbapup',22,141,142,143,NULL,'A small, energetic puppy with a large bulb on its back, resembling an onion. It loves to jump around, but when it does so it is rather comical, as the weight of the bulb often makes it fall over. Its bark is adorable. And it\'s not a refrerence to Bulbasaur from Pokemon. At all.'),
    ('Badge Badger',22,NULL,144,NULL,140,'The BadgeBadger is really pround of it badge. It shines it every day until it almost sparkles. How did it get the badge? Dont ask questions, this is a fantasy. Maybe it found it. Or less likely beat up a cop and stole it. And that\'s unlikely because there are no cops in this universe.'),
    ('Vine Wolf',22,145,NULL,146,140,'The vinewolf\'s bulb sprounted into vines that encircle it. Often while hunting it will use the vines to hold down its prey while it goes in for the kill. It can also wrap its vines around an unsuspecting opponent, at a great cost to the agility of both creatures.'),
    ('Terra Symbol',22,147,NULL,148,140,'The Tera Symbol is happiest and shines brightest in forests, surrounded by life. It is a font of natural magic energy, and is often found casting spells to protect nature and natural beings'),
    ('Honey Badger',22,NULL,149,NULL,141,'My only advice to you is not to mess with the honey badger. He was once locked up in vietcong prison for being a badass, and all they wanted him to do is poop. BUT HONEY BADGER DON\'T CARE! HONEY BADGER DON\'T GIVE A SHIT.'),
    ('Greenwolf',22,NULL,150,NULL,142,'The Greenwolf has hardened the ends of its vines into bark. Their fur has begun turning green, as a result of their connection to life and the earth element. They are known as the guardians of the forest, and act as shepards to the weaker smaller animals. They also have some small psychic powers and can communicate on a very deep level with their masters. Its bark is worse than its bite.'),
	('Awarewolf',22,NULL,151,NULL,142,'The Awarewolf is an elder greenwolf that spends its days meditating, contemplating the complexities of life. It is irritated when confused with half-man half-wolves, as it is not a werewolf, and people get confused about that ALL THE TIME.'),
    ('Jade',22,NULL,152,NULL,143,'Mined deep in the mountains, Jade is a lesser elemental that strikes physically as well as magically. It is earth energy focused and made into solid form, which can be invigorating to its allies.'),
    ('Terra Elemental',22,NULL,153,NULL,143,'A large tera symbol surrounded by a light symbol, a terra symbol, and a pyro symbol. The inner symbol has a great deal of control over the surronding symbols and channels them when casting spells, to shine light on plants, or burn away dead brush to help the forest'),
    ('Honey Badgebear',22,NULL,NULL,NULL,144,'The only thing scarier than a Honey Badger is one that mutated into a huge bear that still has its markings. It really loves honey. Like crazy. It loves honey so much it is willing to get stung by bees. And those bees are hardcore.'),
    ('Sief',22,NULL,NULL,NULL,145,'Sief is a giant wolf with a scar over its right eye weilding a giant broadsword, and bears no relation to Sif from Darksouls.'),
    ('Mystic Wolf',22,NULL,NULL,NULL,146,'A mystic wolf contemplates the mysteries of the universe, and contains them all within its mind. It howls its deep wisdom into the ether, where it is both heard and not heard, who can say. If a wolf howls in the forest and no one can hear them, did he still howl?'),
    ('Emerald',22,NULL,NULL,NULL,147,'A great gem that resembles the great Earth Gem and can channel some of its powers. A mystic earth spirit lives within the gem, attuned to nature and health'),
    ('Primordial Terra Elemental',22,NULL,NULL,NULL,148,'A large Terra elemental surrounded by the elementals representing all other primary elements. It is the magical protector of the forest, and forms symbiotic links with all animals it comes into contact with.'),
    ('Minor Pegasus',23,155,NULL,156,NULL,'Half horse, half plant half bird... Or wait, is that too many halves? Its front two legs are treeish, while the torso, head and back legs are a horse and it has wings. Dont look at me, you\'ve all seen Hercules! Its like that except the two front legs are treeish. And its the reaally cute baby form, obviously.'),
    ('Lesser Pegasus',23,NULL,157,NULL,154,'Lesser Pegasus is a little depressed. I mean the baby pegases didn\'t mind that it was called minor because its a baby. But Lesser pegasus knows what they\'re saying, and its really awkward and its just sad... But at least its front hooves dont look like trees anymore! It also cant fly to its unending shame, all the other pegasus laugh at it... Its a hard life.'),
    ('Sapwing',23,NULL,158,NULL,154,'The Sapwing is a tree that wanted to be a bird. Now its converted its leaves into semi feathers and can hop along the ground some if it tries real hard.'),
    ('Pegasus',23,NULL,159,NULL,155,'Pegasus is glad that its no longer a lesser pegasus, because lets face it, those teenage years sucked. Now he can fly but he cant carry anyone. Especially heroes in armor. Are you kidding me? Its already aerodynamically impossible for a horse to fly and now you want to add a two hundred pound hero with 300 pounds of armor? not to mention loot? Not on my back.'),
    ('Wing Tree',23,NULL,160,NULL,156,'The wingTree loved watching WW1 films and always wanted to be a wingman. However, its not a man, its a tree. So it settled for the next best thing. Somehow he got a hold of some aviator goggles, and put them on his trunk because he \'t have eyes. But it makes him look cool, so no one calls him on it. Also it bears saying that this is the guy you want to bring with you to tree parties, he can make you look SOOO good in front of the female trees.'),
    ('Greater Pegasus',23,NULL,NULL,NULL,157,'This pegasus is fully awesome. If an ancient greek hero needs a flying steed, this guy shows up. But only if the hero is Bellerophon. BECAUSE HERCULES NEVER RODE PEGASUS DISNEY!!!'),
    ('Flying Forest',23,NULL,NULL,NULL,158,'The flying forest is a group of wingtrees. It doesn\'t have enough lift from its levitation though, so it has birds hang on and flap as hard as they can.'),
    ('Suddi',24,162,NULL,163,NULL,'A Suddi is a young enlighted being who can heal through compassion and will heal both the virtuous and the vengeful, it resembles the mask of Sid, the enlightened one.'),
    ('Sodisat',24,NULL,164,NULL,161,'The Sodisat is a young monk-seeming monster that trained for years to use its body to de-escalate the conflict. It as learned the art of striking with a sacred palm, which will pacify a nearly defeated foe (1hp left), allowing the conflict to end peacefully.'),
    ('Theresat',24,NULL,165,NULL,161,'The Theresat is a bald young female healer that heals through forgiveness. Her head is shaven bald, and her skin is the color of Paramiya bark. She wields a sphere of energy and can enchant others with regeneration magic'),
    ('Sodisatva',24,NULL,166,NULL,162,'The Sodisatva is now an experienced monk, and has a stunning \'phantom palm\' That he can use to stop or slow the violence. His skin is the color of Paramiya bark. He holds beads and counts them for the good of all sentient beings.'),
    ('Theresatva',24,NULL,167,NULL,163,'The Theresatva is a bald female monk whose robes glow with mystical energy, she also holds orbs of compassion energy in each hand. She can revive fallen allies, at great cost to herself.'),
    ('Hae Kwong',24,NULL,NULL,NULL,164,'HaeKwong is a master of peace and de-escalation. At the cost of all of his magic, he can stun all enemies (and himself) and pacify those below 20% health. He has a long white beard worn in a thin rope, and is considered one of the great meditation masters.'),
    ('Bone Hae',24,NULL,NULL,NULL,165,'A female elder monk that can sacrifice herself to revive and heal all allies to full health, even if they are fallen, after making this sacrifice she cannot be revived for the remainder of the battle.'),
    ('Sewerat',25,169,170,171,NULL,'The Sewerat is a rather large rat that smells terrible. It tends to dwell in disgusting places, like the sewer for which it is named. Surprisingly its blood has healing properties since it is so good at fighting disease.'),
    ('Smaugh',25,NULL,172,NULL,168,'The Smaugh is a Sewer demon covered in refuse. It will use this refuse when attacking, and as camouflage, so it can ambush its prey. It stinks so bad that it can hide itself by scent-blinding its enemies noses. This also serves to distract and give the Smaugh even more advantage.'),
    ('Boiledrat',25,NULL,173,NULL,168,'Though it may sound delicious, this is not in fact, a cooked rat, but a large Rat, about the size of an adult cat, overcome with red rashes and boils. The Boiledrat is a clear carrier of disease and pestilence that wants only to spread its filth. While not particularly threatening on its own, a pack of Boiledrats spell sickness and doom for a city.'),
    ('Easedis',25,NULL,174,NULL,168,' smoky fog of disease, Easedis is highly flammable, and weakens the constitution of all the non-rotten enemies it comes into contact with. It is named for how it eases and relaxes the enemies it comes into contact with, but this is not true relaxation. Indeed this \'ease\' is to make its opponents weaker, and more susceptible to infection.'),
	('Flint',25,NULL,175,NULL,169,'The Flint coughs on its enemies and continually releases methane, it explodes when attacked by fire dealing a large amount of damage to all sides. It hides by disguising itself as water, that can kill if it is drunk.'),
    ('Trenchrat',25,NULL,176,NULL,170,'This giant rat preys on the sick and wounded at war. The dried red blood has caked and dyed its fur permanently, and its nose is so strong it can seem to see even though its eyes are blind.'),
    ('Lepris',25,NULL,177,NULL,171,'One arm is missing from this purple mangled body overridden by leprocy. It must be destroyed before it infects others! There is no telling if the body is actually dead, though it is clear that the disease is in control.'),
    ('BeePee',25,NULL,NULL,NULL,172,'The BeePee floods toxic sludge all over the opponents battlefield which ignites when hit with fire, dealing massive damage. It feeds off of the suffering that it causes and is often found near sites of industrial accidents. Oddly, however obvious it is that the problem is BeePee\'s fault, it constantly refuses to take responsibility, and honestly seems to believe that it is a force for good.'),
    ('Plagerat',25,NULL,NULL,NULL,173,'This rat carries the bubonic plague, and infects all that contact it with terrible disease. While it is not a strong fighter, it can outlast its enemies, bleeding them to death by a thousand cuts. It is made stronger and healthier by all of the diseased creatures on either side of the field, and does extra damage to plagued enemies.'),
    ('Cancerbloat',25,NULL,NULL,NULL,174,'A sentient cancer has taken control of this diseased body and wants only one thing: to spread and grow until all flora and fauna are infected with its lethal disease. The Victim whose body it controls is utterly lost to it, and twitches horribly with each unwilling step.'),
    ('Minor Phoenix',30,179,NULL,180,NULL,'Not yet brilliant, or aflame like its stronger, larger cousins, the lesser phoenix is known to be a temperamental bird, aggressive and puerile. Sparks fly from its still soft wings, alighting the forest beneath.'),
    ('Chol',30,NULL,181,NULL,178,'The Chol is a violent Phoenix with a six-foot wingspan. The tops of its wings are alight in orange flame. When angry, or defending the flock, it will light its claws afire. Its red plumage denotes blood as well as flame.'),
    ('Firebird',30,NULL,182,NULL,178,'The only phoenix with green plumage, the firebird is traditionally known for sacrificing itself for others. It is a guide for hopeless lost travelers, lighting bonfires to point them to safety.'),
    ('Fawke',30,NULL,183,NULL,179,'The Fawkes are named for their propensity to light themselves and others aflame- they were originally called Fire Hawks, but it was shortened to Fawkes later to commemorate a legendary phoenix that once gave a boy a hat. Among each group of Fawkes, a female (usually the oldest) is designated the leader of the flock. This Fawke is usually called the \'mother Fawke\', and is referenced bizarrely frequently by Samuel L Jackson'),
    ('Fire Eagle',30,NULL,184,NULL,180,'The Fire Eagle is an eagle on fire that can sream at its enemies, known for its large golden wingspan - it is a giant that can dominate the sky.'),
    ('Fenghuang',30,NULL,NULL,NULL,181,'The Fenghuang is the king of phoenixes. It is a symbol of hope for the fallen that they may rise again. It is large and its feathers are so hot that cores of flame follow it around.'),
    ('Franzer',30,NULL,NULL,NULL,182,'Isolated and violent, the Franzer is a Fenghuang gone mad. It will explode into anger at random, destroying everything in its path. it has lost much of its mortal body and instead uses four magical wings for levitation and as an extension of its magical will.'),
    ('Gullfish',31,186,NULL,187,NULL,'The first fish a baby gull ever caught is still in its claws. Initially, there was some fear between the baby gull and the fish, but they became fast friends when the fish found out how cool it is to fly.'),
    ('Guller',31,NULL,188,NULL,185,'The guller is a small gull with wide wings that sadly lost its little fishy friend. And by lost I mean ate. But I think the guller still feels bad about it.'),
    ('Skipfish',31,NULL,189,NULL,185,'The Skipfish can\'t quite fly yet, but it loved the feeling when it was younger in the baby gulls claws. It can skip out of the water on its fins that are becoming like wings, and is still on good terms with the baby gull that used to carry it around.'),
    ('Peligull',31,NULL,190,NULL,186,'The Peligull is a large gull with a great gullet. When there are fish near the surface of the water, it will dive in and open its large mouth. When it surfaces again it spits out the water but retains the fish in its mouth. This happens because there are some holes at the bottom of its beak through which the water can escape but the larger fish can\'t.'),
    ('Flyfish',31,NULL,191,NULL,187,'The Flyfish is a fish that can fly at low altitudes out of water and feasts on the small insects just above the waters surface. It has wanted to do this for a long time, because beneath the waves, the Flyfish felt that the insects were mocking it.'),
    ('Heligull',31,NULL,NULL,NULL,188,'The Heligull\'s wings rotate above it like a helicopter. It dives deep into the water to find prey. It can hold its breath for up to 4 hours, and spends almost as much time above water as below.'),
    ('Soarfish',31,NULL,NULL,NULL,189,'The Soarfish has adapted gulls that allow it to breath both water and air. It has no need to go under water and preys on small birds. However it usually stays near the water to feed its children who cannot fly as well.'),
    ('Colour',32,193,NULL,194,NULL,'The Colour is a colorful hatchling. It loves hopping around at irritating its siblings. While its colorful plumes may serve to attract predators, its bright colors also allow its parents to find it more quickly. Colour are known for acting cheerfully and foolishly and have a great appetite for worms.'),
    ('Tusamcan',32,NULL,195,NULL,192,'The TuscamCan is a colorful blue bird with a rainbow beak that tells little children to eat healthy while giving them pure sugar for breakfast.'),
    ('Abstruse',32,NULL,196,NULL,192,'The Abstruse is a brightly colorful bird that complicated and interesting... Or completely ridculous depending on how you look at it. It looks like a peacock, except every single feather is a different color, and they\'re not organized in any particular manner. When it walks, it takes its long storklike legs and pulls them up way higher than they need to go, giving it a ridiculous looking gait. Its long neck is a gradient from green to blue, and it has a yellow feather crown on the crest of its head.'),
    ('Threesamcan',32,NULL,197,NULL,193,'The Threesamcan is a much larger version of the Tusamcan, and is even more colorful and bizarre. It flashes its wings different colors to mind control its enemies... Or tries to anyway. Usually they just look at the display and think \'Whats wrong with that thing?\'.'),
    ('Fabstruse',32,NULL,198,NULL,194,'The Fabstruse is a very strange black and purple bird that loves fashion, but always seems to be behind on the trends. I mean leather Jacket? Sooo Eighties. It can also use its feathers to channel natural magics (Air, Earth, and water magic).'),
    ('Foursamcan',32,NULL,NULL,NULL,195,'The Foursamcan channels light from the sun that shines through its multicolored feathers to confuse its enemies. It also carries around four garbage tin cans that it has named. It\'s kind of off its rocker.'),
    ('Seusstruse',32,NULL,NULL,NULL,196,'When a Fabstruse comes to the realization that leather never goes out of style, it becomes a Seusstruse. When the Seusstruse lays eggs, they are green, and when it has access to ham, it places the ham near the eggs because it loves green eggs and ham.'),
    ('Flapper',33,200,201,202,NULL,'The Flapper shows a ridiculous amount of leg, especially for this time period. It is very stylish, and wears a headband with a feather on it, even though its already a bird. Ever the shy ones, flappers keep the roof of thier shells as a helmet to hide in.'),
    ('Toupeagle',33,NULL,203,NULL,199,'The Toupeagle is a young eagle that went prematurely bald. It\'s very sensitive about its baldness and thus wears a toupee. It\'s a good toupee too, but it looks ridiculous because the toupee is not really on right because, well it has only wings and claws to work with.'),
    ('Byrdi',33,NULL,204,NULL,199,'The Byrdi grew up in the seventies and fell in love with rock and roll. It gets dizzy when it acts out its favorite song, because it turns, turns, turns around every time the lyrics are right.'),
    ('Aero Symbol',33,205,NULL,206,199,'The AeroSymbol is a circle with six points that looks like the aero glyph. The six points are feathers. Rarely found on the ground, they often fly beside their birdy friends, and rarely descend below the treetops.'),
    ('Baldgul',33,NULL,207,NULL,200,'The Baldgul is a bald eagle that is actually bald. Not white feathers, no feathers. It is terribly embarrased because all of its birdy friends still have their feathers, but the toupee wasn\'t working anymore, so they took their baldness in stride.'),
    ('Wings',33,NULL,208,NULL,201,'Grown Byrdi used to be called beatles (because that\'s what it ate mostly), but it hated this name, because the name made it hungry. And the problem with the rolling stones was, well, people would often try to kill it and another bird with a single one.'),
    ('Quartz',33,NULL,209,NULL,202,'Quartz is mined from high mountains that reach for the heavens, although it is a mineral, it has been imbued with magic electrical energy, and its magnetism causes smaller, weaker crystals to orbit it.'),
    ('Aero Elemental',33,NULL,210,NULL,202,'The Aero Elemental is a suped up version of the AeroSymbol with more wings etc. It gained control of an umbral symbol as well as a aqua symbol, which it uses to help birdkind.'),
    ('Patriot Hawk',33,NULL,NULL,NULL,203,'Once famously displayed during the intro of the Colbert Report, the Patriot hawk is a giant Bald Eagle with blue starred shoulders and wing feathers alternating between white and red.'),
    ('Roc',33,NULL,NULL,NULL,204,'The Roc is a giant bald eagle with a thirty-foot wingspan, it often sits on a golden dome. It\'s also famous for singing beautifully while rolling around. It can scream thunderbolts at its enemies, and its wings can generate a windstorm.'),
    ('Topaz',33,NULL,NULL,NULL,205,'A great elememtal crystal crackling with electric energy, the Topaz is the pinnacle of pure air magic. The soul of a greater eagle is trapped inside, yearning to breathe free and fly as it used to.'),
    ('Primordial Aero Elemental',33,NULL,NULL,NULL,206,'Lightening often surrounds the Primordial Aero Elemental whenever it is angry. It is surrounded by six elementals, one of each element, and it crackles with lightning and static electricity.'),
    ('Cockaone',34,212,213,214,NULL,'A baby cockatoo that has yet to leave its shell. Its cracked and everything, but it hasn\'t left. It wears the top of the shell like a helmet. It squaks loudly when it doesn\'t get enough food or attention.'),
    ('Cockarude',34,NULL,215,NULL,211,'The Cockarude is a Cocka that his very rude and often signals with its middle feather. It wears a backwards baseball cap, how it got one I dont know. It also thinks its very tough- although when confronted it turns to run and hide.'),
    ('Cockatwo',34,NULL,216,NULL,211,'The Cockatwo is a regular cocka. And by regular I mean very strange. Its also larger, and has discarded its shell.'),
    ('Smilebird',34,NULL,217,NULL,211,'The Smilebird is a cocka who is using its smile feathers to smile. It is also blushing a vey delicate shade of pink.'),
    ('Cockadude',34,NULL,218,NULL,212,'The Cockadude is a super cool cocka who wears 8-bit glasses and raps. He is frequently found on the street corner with a lit cigarette hanging out his mouth, wolf whistling at passing female birds.'),
    ('Cockathree',34,NULL,219,NULL,213,'The Cockathree is a pretty awesome cocka that often dances with its feathers and raises its crest. It is particularly skilled at buffing its allies- especially if that ally is a cocka.'),
    ('Lovebird',34,NULL,220,NULL,214,'The Lovebird is a totally pink cocka that is eternally smiling. It can flirt with an air primary monster to occupy it for one turn.'),
    ('Cockacrude',34,NULL,NULL,NULL,215,'The CockaCrude is the black sheep of the cocka family, that often acts out and bites its fellow birds. As a result it is secluded and bitter, although because of its strength, it is the first bird called upon when the flock is attacked.'),
    ('Cockafour',34,NULL,NULL,NULL,216,'The Cockafour is the undisputed leader of the cockas. Its beak is lined with razors, and its dance can drive all birds crazy, and berserks all air primaries.'),
    ('Motherbird',34,NULL,NULL,NULL,217,'The mother bird would be the den mother of the cockas if they had a den. As such, it is the Nest mother and is the first bird a young Cockaone goes to if it\'s having trouble.'),
    ('Fourshadowing',35,222,223,224,NULL,'Its very hard to tell what manner of winged beast this is, as it is covered by shadows and appears to have four wings. It does seem to be some manner of bat, and is very hard to make out in the darkness.'),
    ('Shadowing',35,NULL,225,NULL,221,'The shadowing is a bat that craves the blood of its foes. Drinking said blood makes it magically heal.'),
    ('Scavengair',35,NULL,226,NULL,221,'The scavenger is a young vulture that feeds on death. It is enrapured and strengthened when creatures die, and also feeds on the flesh of their corpses.'),
    ('Rationowl',35,NULL,227,NULL,221,'As an owl that is in charge of field rations, The Rationowl is a thinker and perceives its enemies weaknesses before it strikes. It prefers nighttime, as the sun blinds its wide eyes.'),
    ('Vampire',35,NULL,228,NULL,222,'The fierce vampire can float around like a shadow in the night. It is fearsome in the darkness, though less so at dawn.'),
    ('Skullture',35,NULL,229,NULL,223,'The Skullture is a vulture with the head of a skull, like its younger cousin, the Scanvegiar, it feeds on death.'),
    ('Wisowl',35,NULL,230,NULL,224,'The wisdom of this owl is evident in its large eyes, for he who increaseth knowledge increaseth sorrow. You will experience some of that sorrow if you seek to outsmart this beast, as it is one of the cleverest shadow magic users in existence.'),
    ('Vampelder',35,NULL,NULL,NULL,225,'The Vampelder is an older vampire that can assume human form. It can dissipate into a crowd of bats to attack its enemies.'),
    ('Lenoraven',35,NULL,NULL,NULL,226,'Because of the Lenoraven\'s intimite relationship with death, it can instantly kill a monster with less than 20% health. Its most devestaing attack is screaming \'Nevermore\' at its enemies, when they think any good thought.'),
    ('Knowledgabel',35,NULL,NULL,NULL,227,'The Knowlowlegabel knows only that it does not know. It can cast logical contradiction that injures monsters scaling with their intellect. It can use its knowledge of psychology to manipulate its enemies, often making its prey come right to it.'),
    ('Tona',40,232,233,234,NULL,'A Tona is a small floating orb that gains energy from the suns rays. At night it floats to rest and stops glowing, appearing a simple stone.'),
    ('Firefaux',40,NULL,235,NULL,231,'A Firefaux is a fox that loves sitting in the sun and absorbing rays. It has a yellow coat, and is a reference to an awesome browser.'),
    ('Diurnal',40,NULL,236,NULL,231,'A diurnal is a monster that is active only during the day. It looks like a saur made of flames, at least in the sunlight. During nightime, its flames extinguish and it is weakened.'),
    ('Vega',40,NULL,237,NULL,231,'Named after the fifth brightest star in the sky, the vega is a spherical construct with rotating ray blades that resembles the sun. It has some magical prowess in the sunlight, but almost none in the darkness.'),
    ('Flarewulf',40,NULL,238,NULL,232,'A FlareWulf is a glowing wolf that can breathe a solar flare. It shines brightly during the day, and is strongest during the noon hour. Conversely, it is weaker at night, expecially midnight.'),
    ('Solaire',40,NULL,239,NULL,233,'A Solaire is a larger diurnal with big teeth horns and wings.'),
    ('Antares',40,NULL,240,NULL,234,'Named after the third brighest star in the night sky, the Anatres is a brighter vega with more magic.'),
    ('Flarebear',40,NULL,NULL,NULL,235,'A sun elemental bear whose bright fur reveals even the harshest darkness.'),
    ('Solar Tyrant',40,NULL,NULL,NULL,236,'A large solar-elemental tyrant, known for its brightness and its ferocity while the sun shines. However, it is much weaker at night'),
    ('Sol',40,NULL,NULL,NULL,237,'A Sol is an orb as bright as the sun, only smaller. Solar monsters weakened by the absence of the sun will know all of its benefits- even in complete darkness- so long as the Sol is present.'),
    ('Lona',41,242,NULL,243,NULL,'Created under the full moon, a Lona is a celestial orb of pure lunar energy, it appears as a crescent in the sun\'s light, its true form only known in the moons shadow.'),
    ('Lunapup',41,NULL,244,NULL,241,'When manifesting itself into a physical form, the Lona found a white wolf howling at the moon, and was amazed at its beauty. It thusly decided to turn into a wolf. Although weak and young, the Lunapup grows stronger in the light of the full moon and weaker in its absence. A moonless, starless night bodes ill for a Lunapup, who will be unable to recharge even a portion of the celestial energy on which it is dependent.'),
    ('Chandra',41,NULL,245,NULL,241,'Chandra is a cylindrical stone whose radius is 4 times its height, it shows the waning phase of the moon, if you were to project the waning moon on the rock, the rock corresponding to the dark side of the moon is black and the lit side of the moon is white. It is surrounded by a simple silver bar with six crescents.'),
    ('Selen',41,NULL,246,NULL,242,'Selen is a greater wolf, pure white, with a scar down one eye. It can perform a skill named moonbeam which deals mainly light damage with water secondary.'),
    ('Mayari',41,NULL,247,NULL,243,'Mayari depicts a half-full moon emblazoned on a cylindrical stone. The silver band surrounding it has spawned six crescents, all facing outwards.'),
    ('Celene',41,NULL,NULL,NULL,244,'Celene\'s are stronger when they have a Luna present. They are great white Wolves with ice colored eyes, their eyes seem to speak of their souls, human.'),
    ('Luna',41,NULL,NULL,NULL,245,'Luna is a large moon appearing stone with a single large silver band surrounding it, that shows six phases of the moon.'),
    ('Escutcheoner',42,249,NULL,250,NULL,'The Escutcheoner is a small golem with a big shield so large he has to hold it with both hands. He is made of stone and is covered in moss.'),
    ('Sheildar',42,NULL,251,NULL,248,'The Sheildar is an older Escutcheoner who has acquired metal guards, which is a plus. He can taunt enemies to force them to attack him.'),
    ('Haloss',42,NULL,252,NULL,248,'The Haloss is a light green lesser angel that can cast shell on an ally, which acts as a temporary shield.'),
    ('Scardar',42,NULL,253,NULL,249,'The Scardar has many scars, including one over his left eye, his visible skin is scarred and his shield is spiked which allows him to return a percentage of damage.'),
    ('Halosses',42,NULL,254,NULL,250,'The Halosses is a fully adult angel cloaked in green. She can cast regen on an ally which heals it for some hp each turn.'),
    ('Guardainus',42,NULL,NULL,NULL,251,'The Guardainus is a stone titan with a large amount of HP. He can cast a skill on a unit so that the Guardanius dies instead of them when they are killed, transferring hp.'),
    ('Halarial',42,NULL,NULL,NULL,252,'The Halarial is a greater angel. It can sacrifice itself to keep another from death for three turns'),
    ('Demiangel',43,256,NULL,257,NULL,'The Demiangel is a small angel who left heaven in order to help the world (or its wings were not strong enough to keep it that high in the sky, depending on who you ask) its magical ability is to heal, however it refuses to heal anything with a dark or destructive.'),
    ('Hemiangel',43,NULL,258,NULL,255,'The Hemiangel has a cherubic body and shoots from a bow. It shoots light beams from its bow that harms dark monsters and heals light ones.'),
    ('Semiangel',43,NULL,259,NULL,255,'The Semiangel can annoint light primary allies, buffing their attack by 20%. It takes the form of a small child with four wings.'),
    ('Onangel',43,NULL,260,NULL,256,'The Onangel has a passive buff that deals 15% bonus damage to dark elemental enemies. It is a holy servant clad in gold armor and halo, with a pusing white sword. It will only harm dark enemies, and will not follow a dark master.'),
    ('Anangel',43,NULL,261,NULL,257,'The Anangel can promote its allies to do +20% damage versus dark primary enemies. It takes the female form and has six wings.'),
    ('Ultrangel',43,NULL,NULL,NULL,258,'The ultra angel is the epitome of the male angel, a warrior spirit with shining, gold-plated wings and armor, trained under Gabriel himself.'),
    ('Archangel',43,NULL,NULL,NULL,259,'The Archangel can buff all angels on the owners side. She bears a holy hood that covers her eyes, and her palms are always in prayer position. It has six wings behind it that cycle. It is said to be blind because it has seen God.'),
    ('Lumin',44,263,264,265,NULL,'A lumin is a small hovering ball of light that can heal other light monsters. It constantly pulses light from its core which is said to be its connection to the gods. Keeping one with you can bring you light in caves, although they despise evil and selfishness, and may lose strength if controlled by a dark master.'),
    ('Phage',44,NULL,266,NULL,262,'A phage is a glowing ball of light that is protected by golden armor. It is floating about three feet in the air and has three fingered golden claws that extend two feet from its shoulders. it has two asymmetric horns on its helmet that is not attached to its body, and light glows from the eye sockets.'),
    ('Candella',44,NULL,267,NULL,262,'A Candella absorbs the light of the sun during the day and uses this light to attack its enemies at night. It can reveal the presence of monsters trying to stealth. Its light beam can make it an enemy easier to target, in addition to causing light damage.'),
    ('Luxor Symbol',44,268,NULL,269,262,'A Luxor symbol is the embodiment of the symbol of light and can cast lumimagia 1, the basic light attack spell. It is a font of white magical energy, and can boost light-elemental allies, in addition to revealing hidden dark monsters and blessing light ones.'),
    ('Argenphage',44,NULL,270,NULL,263,'The Argenphage is a larger phage with silver plates inlaid with complex designs. It is said that their eyes can see the balance of a soul. The very edges of its blades and armor glow white, and can cut through darkness easily.'),
    ('Luminace',44,NULL,271,NULL,264,'The Luminace is a collection of three Candellas, representing faith, truth and service, the virtues of its holy order. It will often shirk from the control of a dark master, even rebelling at times.'),
    ('Moonstone',44,NULL,272,NULL,265,'A white stone that holds pure light energy. As it floats, it is used by adventurers to light the way in dungeons, keeping their torch-hand free. It can crash into enemies, embedding shards of moonstone in its enemies. The soul of a saint is said to inhabit this gem.'),
    ('Luxor Elemental',44,NULL,273,NULL,265,'The luxorelemental is a large light symbol surrounded by three other symbols, water, air and earth. The elemental can channel any of the four energies to attack or defend.'),
    ('Ascendenpage',44,NULL,NULL,NULL,266,'The Ascendenpage is a lage Argenphage whose armor glows a brilliant white, made of some opaque white metal, the symbols etched into the metal are likewise fancy. It is the supreme guardian of all things holy.'),
    ('Luminacier',44,NULL,NULL,NULL,267,'The Luminacier is a single Luminace surrounded by six smaller Candellas, representing faith, justice, mercy, compassion, forgiveness and redemption.'),
    ('Diamond',44,NULL,NULL,NULL,268,'Known as the most precious elemental stone, the Diamond has a long history of being betrayed by its owner, who breaks it and sells it for gold. Indeed many breed them just for this purpose. A piece of the prophets soul is said to be encased within.'),
    ('Primordial Luxor Elemental',44,NULL,NULL,NULL,269,'The Primordial Luxor Elemental is an ascendant light elemental that is surrounded by six symbols, representing each of the six elements.'),
    ('Guilt',45,275,276,277,NULL,'The Guilt is a minor demon whose outer body is dark. However, a globe of light dwells within, that holds its hope of redemption. When it is near, mistakes are better remembered, although reparations are not always clear.'),
    ('Atonet',45,NULL,278,NULL,274,'The Atonet is an ex-demon that is large and round for its age. It redeems itself by taking some of the damage from another. Like its predecessor form it is a shell of darkness engulfing an orb of light. however, it is much larger and fatter.'),
    ('Reprate',45,NULL,279,NULL,274,'The Reperate is an ex-demon that is thin lanky and agile. It redeems itself by correcting its path, and zealously avoiding temptation. It has a sneak attack that does extra damage against dark elementals.'),
    ('Dimmer',45,NULL,280,NULL,274,'The Dimmer is a young ex-demon that his small and angelic, with a cowl that covers much of its face, dirty white lined with black. It redeems itself through prayer and meditation, and can cast shine, a magic spell that shows the way through the darkness.'),
    ('Astone',45,NULL,281,NULL,275,'The Atonet is a large muscular ex-demon whose horn-stumps are clearly visible. It redeems itself by fighting for just causes. Its special will not end an enemies life, as it has sworn off killing, but will leave it with at least 1 hp remaining.'),
    ('Restit',45,NULL,282,NULL,276,'The Restit is an ex-demon that is very agile. It can speak words of hope to dark monsters that does average damage but costs no mp.'),
    ('Glowen',45,NULL,283,NULL,277,'The Glowen is a redeemed fallen angel, whose cut wings are beginning to regrow. Its eyes caused it to sin, so it cast them aside, and wears a blindfold in their place. It cannot hit with phyiscal attacks, but it can cast repent, a spell that will attack all of the monsters on the other field.'),
    ('Atonement',45,NULL,NULL,NULL,278,'The Atonment is a very large muscluar ex-demon that is particularly enraged by sin, Its unique attack is the Redemption Cross Slash that can reduce all enemies health to at least 1 and deals more damage against dark elementals.'),
    ('Redeemer',45,NULL,NULL,NULL,279,'The Redeemer\'s special attack temporarily changes the primary element of its target to light for the duration of the battle.'),
    ('Enlighten',45,NULL,NULL,NULL,280,'The Enlighten looks like the Glowen except it has magestic black wings, in stark contrast with its white robe. It can cast an area of effect light attack that harms its enemies and heals its allies of blindness and casts regen on them.'),
    ('Fiend',50,285,286,287,NULL,'The fiend is a minor demon, colored dark red with black horns. He is consumed by hatred, and causes a stinging burn when touched.'),
    ('Scamp',50,NULL,288,NULL,284,'A scamp is a minor demon with claws, fangs and long ears, it screams at its enemies to initiate combat. Its legs are covered by rough bristles, and instead of feet it has goat hooves. What it lacks in armor it makes up in speed. It is associated with the feelings of anger.'),
    ('Imp',50,NULL,289,NULL,284,'An imp is a small red demon carrying a pitchfork. It is aggressive but is wise enough not to initiate combat against a stronger opponent. When it curses its opponents, it actually increases their enemies strength and physical abilities, at the cost of a foolish rage. It is famous for redirecting this rage against its enemies- causing them to make costly mistakes. It is associated with cruelty.'),
    ('Jinn',50,NULL,290,NULL,284,'A Jinn attacks its enemies with mystical enemies, preying on the weak of mind. It is ephemeral, which greatly reduces the efficacy of physical attacks. Though it is a blob of dark mist, with red eyes penetrate into its enemies. If it is inhaled by an enemy, they will slow- as such it is the demon associated with sloth.'),
    ('Incubus',50,NULL,291,NULL,285,'The Incubus can take many forms, sometimes appearing as a poet, or perhaps an athelete to sexually corrupt women, when they feel excited as their prey is near, often their eyes will revert to their true form, but only for an instant, giving the virtuous their only warning.'),
    ('Succubus',50,NULL,292,NULL,286,'The succubus is a beautiful female demon meant to provoke lust in the hearts of men. They catch their prey more often than the Incubus, as men have weaker hearts when it comes to resisting beauty. It is the embodiment of Male lust, and is more devastating to masculine monsters and humans.'),
    ('Grimoire',50,NULL,293,NULL,287,'A sentient black book that has the demon crest embossed on the cover. The spells and hexes within are written in both the blood of the slain and the blood of the conqueror. It is associated with deception: it will deceive its owner not with knowledge, but that the owner is in control.'),
    ('Astaroth',50,NULL,NULL,NULL,288,'Astaroth is a bright red demon with large black horns fifteen feet tall. He wields a large corrupted axe that has a living eye where the blade meets the haft. It is the demon of pride, and curses its enemies to believe foolishly that they can defeat it.'),
    ('Asag',50,NULL,NULL,NULL,289,'Asag is also known as the fear. He appears as a giant demon with the body of a bear and the head of a stag. It is the embodiment of wrath and is very destructive- its touch causes withering, and undoes compassionate healing and regeneration.'),
    ('Shedu',50,NULL,NULL,NULL,290,'The Shedu is a phantom witch that speaks only curses, whose eyeless sockets see through the dark and not. It is the embodiment of Envy, and curses its enemies with visions of what they think they deserve.'),
    ('Stinger',51,295,296,297,NULL,'The Stinger is a small scorpion that can lift its legs up and slither and has fangs. It is faster than it looks, and will chase enemies with its stinger. It feeds on potent liquors, blood especially- which feeds it magically as well as physically, making its poison more potent.'),
    ('Buzzblade',51,NULL,298,NULL,294,'The BuzzBlade is an oversized wasp with a poisonous stinger. Its aggression and speed increase the closer it is to the hive, and its stinger spins when it is scared or angry, making the \'buzzing\' sound that it is named for.'),
    ('Slyther',51,NULL,299,NULL,294,'The Slyther is a small snake that slides through the grass towards its prey. Its bite is venemous. Its green and has no rattle. It is quiet, and slow- quick only at the moment it strikes. Most of its victims never knew it was there until it was too late.'),
    ('Creeper',51,NULL,300,NULL,294,'The creeper is a spider that can shoot webs at its enemies to slow them down. Its bite is venomous, and its teeth have little holes so that it can feed on its enemies blood. It will wrap its victims in webs to store them for later, and can jump a surprising distance for something so small.'),
    ('Wasplash',51,NULL,301,NULL,295,'The Wasplash is an oversized wasp with a stinger and it can latch onto a single enemy with the hooked blades on the end of its legs, stinging them multiple times. It whips and strikes with its body at awkward angles, tiny spikes cutting its enemies. it can strike its enemies so quickly that it gives them whiplash- but due to the poisonous tendrils on its skin, the condition is called \'Wasplash\' which is how the monster was named.'),
    ('Slyslyther',51,NULL,302,NULL,296,'The SlySlyther is a grown Slyther whose scales have turned black as night, it is very quiet and can sneak attack its enemies. Its eyes are catlike and large, allowing it to see in total darkness. It also \'licks\' the air with its tongue, using taste to find its prey. Its key attribute is stealth, which it uses to hide and escape from its enemies.'),
    ('Widow',51,NULL,303,NULL,297,'The Widow is a widowed spider that is really broken up about it, cries all the time. It looks like a black widow but larger and sad. Its tears are venomous, and it cries for its enemies- especially male ones.'),
    ('Queen B',51,NUll,NULL,NULL,298,'Queen B is the younger sister of Queen A, however when they were in a beauty pagent, everyone chose Queen B, so she became the dominant Queen. She can summon Stingers to the empty allied positions, and can feed allies honey which enhances their speed.'),
    ('King Rattle',51,NULL,NULL,NULL,299,'King Rattle has a large Rattle on the end of its tail. Not like a snakes, like a babies rattle, but really large. It also has a crown. Its scales are brown and it is very large. It no longer tries to hide but is strong enough to demand attention instead. Its scales are actually all little poisonous fangs, which are very dangerous to touch- this is why the King Rattle is no longer scared of physical contact.'),
    ('Red Widow',51,NULL,NULL,NULL,'300','The Red Widow has gotten over her husbands death. The hourglass has turned black, and the rest of her has turned red. This color, and the scent given off from her hide, attracts insects to their doom. Her bright color does as well. She taunts enemies by making them think she is injured, but when they are close, shows them it is they that are prey.'),
	('Stull',52,305,NULL,306,NULL,'Silent Witness in the dark. When Death himself cannot come, these monsters listen greedily to the necromancers\' secret whispers. They are the first undead spirit summoned by budding necromancers, and are a gateway to darker magics. They whisper incantations of dark spells, but beware- you may not be ready for the secrets they provide, and they may consume you.'),
    ('Skullsaur',52,NULL,307,NULL,304,'The Skullsaur is a undead veloceraptor looking thing that has a badass attack called deathclaw (which is of course a fallout reference).'),
    ('Ghostet',52,NULL,308,NULL,304,'The Ghostet is a weak phantom that takes reduced physical damage. The inner soul is a green blob surrounded by darkness. It can call the beyond for the screams of the lost- which can terrify its opponents.'),
    ('Skullclar',52,NULL,309,NULL,305,'The Skullclar is a larger Skullsaur with wings and horns. It resembles a small undead tyrant, and used to work in B rated 80\'s horror films.'),
    ('Wraith',52,NULL,310,NULL,306,'The Phantom is still incorporeal and weilds a curved scepter. It resembles Thanatos himself, and will catch the souls of the lesser creatures in the service of its master. As a consumer of death, it is made stronger by the number of dead on the field.'),
    ('Skulltyrant',52,NULL,NULL,NULL,307,'The Skulltyrant is a large undead T-rex. Very Scary. Its roar is a death knell, and where it walks, death follows.'),
    ('Specter',52,NULL,NULL,NULL,308,'It is a shadow of Thanatos himself- and will act according to his will. The first of his servants, the specter has harvested many souls with its scythe. The scythe serves as a staff as well, and the specters magic is enhanced by both the number of dead on the field, and the number in has killed.'),
    ('Maltag',53,312,313,314,NULL,'Have you ever had a really bad day? So bad that even if it was sunny, a small mean cloud was following you and raining on your parade? This is that cloud: a Cirrus with a bad attitude.'),
    ('Thundroar',53,NULL,315,NULL,311,'The Thundroar is a dragonlike snake in the clouds. Lightening storms occur when multiple Thundroars battle in the heavens. It is said that thunder is caused by their roaring.'),
    ('Windbag',53,NULL,316,NULL,311,'A harsh spirit, seeking to blow down trees, houses and the like with the power of its breath. It is very nearly invisible in the dark clouds it hides among, though those that have seen it claim it takes the appearance of giant lips before it strikes.'),
    ('Nippen',53,NULL,317,NULL,311,'A minor ice demon that summons cold winds on winters nights. It delights in viewing those frozen completely solid. It is stronger in the cold, and even stronger for each frozen enemy on the field. It likes nothing more than to blow all of the heat of an opponent away.'),
    ('Strikekin',53,NULL,318,NULL,312,'The Strikekin is a greater thunder wyvern with wings and rear claws. Its presence will darken the sky and call harsh gales. It is known to strike down from the clouds on unsuspecting ships, capsizing them. They are especially strong at night, when lightening briefly illuminates their enemies doom.'),
    ('Sikelone',53,NULL,319,NULL,313,'A thin twister that prides itself on its independence, the sikelone tears up whatever is around it with its vicious spin. It loves destruction, and will fade only when all of the trees and buildings in its path have collapsed. They are famous for making jokes, all by themselves, to themselves, hence the name: Sikelone.'),
    ('Father Frost',53,NULL,320,NULL,314,'Able to chill to the bone, the bulky ice demon can at a distance be confused for santa clause. On closer inspection however, his eyes are cold, and his skin a pale blue. He seeks to freeze the living, and bring the entire world under a permanent winter, but is not wise enough to implement his plans. Instead he preys on travelers during winter.'),
    ('Thundragon',53,NULL,NULL,NULL,315,'The Thundragon is a fully formed dragon made of clouds. Its breath is a hurricane, its scream a thunderbolt.'),
    ('Thornado',53,NULL,NULL,NULL,316,'A demonic spirit possessed a sikelone, granting it width and bearing. In addition to the Thornados massive bulk, and its propensity to launch anything near it into the air, the Thornado sports cruel blades along its sides, sharp enough to cut metal, which it uses to utterly shred all in its path.'),
    ('Blizarra',53,NULL,NULL,NULL,317,'Only seen in the depths of winter, the Blizarra can bring temperatures so low as to freeze blood and oil. It has no true form, at least not one that can be seen beneath the sheets of ice and snow that blanket it and everything nearby.'),
    ('Fallen Demiangel',54,322,NULL,323,NULL,'The Fallen Demiangel is an angel that followed the light bringer when he fell from heaven, it was weak then, and never did regain its strength. What it lost in strength though, it gained in hatred and determination. Just an ember lies in its soul now, but it will soon be strengthened- and its revenge will soon be known.'),
    ('Fallen Hemiangel',54,NULL,324,NULL,321,'The Fallen Hemiangel has larger wings both turned black. It hates the gods, who it believes has betrayed it, and now seeks their downfall. It has a cold cruel determined anger at all light- and is a \'hunter\' of light elementals.'),
    ('Aames',54,NULL,325,NULL,321,'A fool for lust, this soul once betrayed its country to the enemy in exchange for gold, which cost hundreds of lives.'),
    ('Black Knight',54,NULL,326,NULL,322,'The Black Night is shielded in dark plate, that has rituals etched into the steel. It shed its wings- hating that its aspect was like the angels of its past. It is no longer alone in the darkness, but has found allies among its old enemies, just as it made enemies of its old friends.'),
    ('Rosenburg',54,NULL,327,NULL,323,'The soul of one who betrayed his country\'s secrets to the enemy, the Rosenburg is a conspiratorial demon with red wings, and a shattered halo.'),
    ('Avengeant',54,NULL,NULL,NULL,324,'The Avengeant once served the gods, but when given will, rebelled against their decisions. When he went to resolve the conflict, the prideful gods couldn\'t stand being questioned and excommunicated the Avengent, who has hated the Gods and those loyal to him ever since. Its anger has come full circle now, and it is strong enough to strike back at the Gods that betrayed it.'),
    ('Brutus',54,NULL,NULL,NULL,325,'Still wet with the blood of their king, the red-plated Brutus are descended from the original regicide. They were paid in gold and sliver, but it was not enough for they wanted more.'),
    ('Umbress',55,329,330,331,NULL,'The Umbress appears to bea small floating black flame, with two purple eyes. It consumes the light around it, and its eyes see deep into the soul.'),
    ('Shadeoss',55,NULL,332,NULL,328,'The Shadeoss is strongest in darkness. It appears to be the upper torso of a knight weilding a sword and a shield, the foil to a phage.'),
    ('Screel',55,NULL,333,NULL,328,'The Screel is a black envy demon, desiring the desiring the form and life of a man. It is still young, so the result is obscene. Its eyes are mismatched, white and black, and its left arm is short while its right is too long, and has a big black spike pointing out from its shoulder.'),
    ('Umbral Symbol',55,334,NULL,335,328,'The Umbral Symbol is a floating symbol in the shape of the hungering abyss that casts basic dark magic. It is skilled at hiding itself and its allies from enemies, and obscuring truth. It seeks to blind those that oppose it, and can cast bolts of black lightning especially effective against light elementals.'),
    ('Senistair',55,NULL,336,NULL,329,'The Senistair is a shadow in the form of a man whose eyeless sockets peer into your soul. It has an inhuman cheshire smile that can only elicit terror, and a thousand needle-thin fangs that bristle from its smile. It is a demon of consumption, gluttony, and will strengthen over time the more it feeds.'),
    ('Caecus',55,NULL,337,NULL,330,'The Caecus is a shadow warrior with a bandage wrapped around its eyes. It cannot see, but tracks its enemies by listening-often giving it a better picture of reality than sight. It takes the form of one of the old masters, wearing little armor, leaving it agile enough to dodge all blows. Its clothes are in tatters, cut a thousand times by its enemies- but its skin is flawless.'),
    ('Obsidian',55,NULL,338,NULL,331,'Dark as night, and reflective, obsidian is formed by fast cooling lava embedded with the powers of darkness. It reflects whatever light it does not comsume, and is made of a thousand sharp edges, perfect for cutting into the flesh of the unwary. It radiates darkness, and leaves shards of itself embedded in the flesh of all those that it strikes (or that strike it).'),
    ('Umbral Elemental',55,NULL,339,NULL,331,'The Umbral Elemental is a large umbral symbol surrounded by three lesser symbols of other elements. As such, it can cast lesser magics of those elements. The center Umbral symbol is the strongest, and it feeds off of the energy of the surrounding. The valence symbols are trapped, and cannot escape the magic magnetism of the center, and are utterly under the center\'s control.'),
    ('Eye Of the Enemy',55,NULL,NULL,NULL,332,'The Eye of The Enemy is one of the many eyes of the dark god himself- it can see all aspects of you. Kill it before it speaks, as those that hear its voice turn mad. It is said that none can hide from its sight, and the it drinks the light and the hope out of all that oppose it.'),
    ('Mang',55,NULL,NULL,NULL,333,'Mang appears as an old man with a walking stick. Attack it and see what happens. Its appearance is deceptive, as is its secret strength. It can peer into the realm of the self- and knows all of the secrets of its enemies. Its voice is a whisper, more devastating than the loudest scream.'),
    ('Onyx',55,NULL,NULL,NULL,334,'The onyx consumes the light around it, giving it a halo of shadow. It crystalizes any energy sent at it and consumes it at will. It bows only to masters that serve themselves, and even then, the master must be powerful enough to dominate it utterly. It\'s made of a thousand onyx crystals, each incredibly valuable, but anything that would seek to take them is a fool- they are cursed and embedded with darkness.'),
    ('Umbral Atronach',55,NULL,NULL,NULL,335,'The Umbral Atronach is a very large umbral symbol surrounded by Elementals representing every element. As such, it can cast greater darkness magics and regular magics of every other element. Each of the surrounding elementals is its slave, and serves it utterly. Its very existence is an affront to decency.');

ALTER TABLE monster_type
ADD FOREIGN KEY(physical_evolution) REFERENCES monster_type(monster_type_id);

ALTER TABLE monster_type
ADD FOREIGN KEY(balanced_evolution) REFERENCES monster_type(monster_type_id);

ALTER TABLE monster_type
ADD FOREIGN KEY(magical_evolution) REFERENCES monster_type(monster_type_id);

ALTER TABLE monster_type
ADD FOREIGN KEY(previous_evolution) REFERENCES monster_type(monster_type_id);
    
    
CREATE TABLE traits(
	traits_id INT PRIMARY KEY AUTO_INCREMENT,
    traits_name VARCHAR(50) NOT NULL,
    monster_type_id INT,
    FOREIGN KEY(monster_type_id) REFERENCES monster_type(monster_type_id)
    );
    
CREATE TABLE trait(
	trait_id INT PRIMARY KEY AUTO_INCREMENT,
    trait_name VARCHAR(50) NOT NULL,
    description VARCHAR(750) NOT NULL,
    trait_type ENUM('Corporeality','Age','Traversal','Evolutionary','Inherited','Elemental Magic','Stat Modifiers') NOT NULL
    );
    
CREATE TABLE trait_intensity_lookup(
	intensity_id INT PRIMARY KEY AUTO_INCREMENT,
    traits_id INT NOT NULL,
    FOREIGN KEY(traits_id) REFERENCES traits(traits_id),
    trait_id INT NOT NULL,
    FOREIGN KEY(trait_id) REFERENCES trait(trait_id),
    intensity INT
    );
    
INSERT INTO trait(trait_name, trait_type, description)
VALUES
	('Corporeal','Corporeality','Fully Existing in the physical space. Cannot be combined with Partially Corporeal or Incorporeal'),
    ('Partially Corporeal','Corporeality','Not fully existing in the physical space, such as a clout, a flame, or a liquid. Cannot be combined with Corporeal or Incorporeal.'),
    ('Incorporeal','Corporeality','Fully not existing in physical space, such as a ghost or a shadow. Cannot be combined with Corporeal or Partially Corporeal'),
    ('Infant','Age','Newly born monsters, typically bad at combat. Cannot be combined with Adolescent, Adult, Elder, or Ancient'),
    ('Adolescent','Age','Young, and eager to prove themselves, adolescent monsters have some strength at combat, but are easily overcome by Adults and Elders. Cannot be combined with Infant, Adult, Elder or Ancient'),
    ('Adult','Age','In their prime, Adult monsters are very strong and difficult to defeat with younger monsters, even when outnumbered. May not be combined with Infant, Adolescent, Elder or Ancient'),
    ('Elder','Age','Wise, but not as strong as they once were, Elder monsters use their experience to their advantage in combat. Cannot be combined with Infant, Adolescent, Adult or Ancient'),
    ('Ancient','Age','To reach this age and strength, a monster must be nearly immortal, and have survived many battles. Ancient Monsters are nearly impossible to control, and impossible to find. Cannot be combined with Infant, Adolescent, Adult, or Elder.'),
    ('Water Breathing','Traversal','Monsters that can travel through water with no issues. Cannot be combined with Submergeable or Unsubmergable'),
    ('Submergible','Traversal','Monsters that can be submerged without difficulty, but need assistance to travel through water. A value of 1 is almost unsubmergable, and takes damage from being underwater, a value of 5 is almost water-breathing and takes no damage. Cannot be combined with Water-Breathing or Unsubmergable'),
    ('Unsubmergible','Traversal','Monsters that cannot submerge under any circumstances. Cannot be combined with Water-Breathing or Submergable'),
    ('Light Emitting','Traversal','Monsters that emit light to reveal dark places. Slightly increases accuracy in battle. Cannot be combined with Light-Consuming. Typically found on Luxor Monsters'),
    ('Light Consuming','Traversal','Monsters that consume light and make travelling in dark places hazardous. Slightly decreases accuracy in battle. Note: you can "Shoot the moon" to see in the dark. Cannot be combined with Light Emitting. Typically found on Umbral Monsters'),
    ('Flying','Traversal','Monsters that can fly, when flying is available. Each point in the intensity makes it easier to carry someone else, also 5/10/15/20/25% chance to ignore melee damage (because you are flying). Typically found on Aero Monsters'),
    ('Floating','Traversal','Monsters that do not fly, but weigh nothing. They float, and neither make flight easier or more difficult'),
    ('Heavy','Traversal','Monsters that are so heavy, they make flight more difficult. Monsters with trait value 5 cannot fly under any circumstances'),
    ('Physical','Evolutionary','Monsters that have grown physically strong as a result of their evolution and ancestry. Deal LogBase2(PhysicalAttackCount)/(6-Intensity) Bonus damage on physical Attacks'),
    ('Balanced','Evolutionary','Monsters that have grown both physically and mentally stronger as a result of their evolution and ancestry. Deal LogBase2(MagicalAttackCount + PhysicalAttackCount)/(3*(6-traitValue)) Bonus damage on all attacks'),
    ('Magical','Evolutionary','Monsters that have grown mentally more acute as a result of their evolution and ancestry. Deal LogBase2(MagicalAttackCount)/(6-TraitValue) Bonus damage on magical Attacks'),
    ('Immolated','Inherited','Instead of taking fire damage, Absorb 20/40/60/80/100 % of it as health. Take 12/10/8/6/4 points of damage from rain and 15/13/10/8/6 points of damage in hail. Take severe damage from low temperature. Deal 1/2/4/8/16 points of bonus fire damage with each physical strike that connects. Instantly killed when used underwater, Immune to heatstroke, Targets who contact you take 2/4/6/8/12 Fire damage. Typically found on Pyro monsters. Must be combined with Light-Emitting and Unsumbergable. Cannot be combined with Cold or Fish'),
    ('Fish','Inherited','Increase speed by 10/15/20/25/35% and defense by 5/10/15/20/25% when underwater. Must be combined with Water-Breathing, cannot be combined with Immolated. Typically found on Aqua Monsters'),
    ('Natural','Inherited','Increase damage, health, and speed by 2/4/6/8/15% when in plains and the forest. Typically found on Terra Monsters'),
    ('Sandy','Inherited','Take 60/70/80/90/100% less damage from sandstorm. When sandstorm is active, accuracy penalty is reduced by 60/70/80/90/100%. Typically found on Sand Monsters.'),
    ('Dealt in kind','Inherited','Deal up to 5/10/15/20/25% bonus damage when health is below 10/15/20/25/35 %. Typically found on Justice and Vengeance Monsters.'),
    ('Steamy','Inherited','When in the steam caverns, Deal 30/40/50/60/80 % more damage and take 10/15/20/25/30 % less damage. Typically found on Steam Monsters.'),
    ('Wet','Inherited','gain 1/2/3/4/5 % additional damage for every 10 points of the Wet status effect, to a max of 5/12/18/24/35%. Typically found on Aqua Amphibious, and Plant Monsters. Cannot be combined with Sandy or Immolated'),
    ('Cloudy','Inherited','Immune to all weather affects other than sandstorm. When a weather effect is in place, deal 3/6/9/12/15 % more damage. Typically found on Weather, and Storm Monsters.'),
    ('Depths Dwelling','Inherited','When in deep water, Deal 30/40/50/60/80 % more damage and take 10/15/20/25/30 % less damage. Typically found on Deep Monsters.'),
    ('Forest Magic','Inherited','When in the forest, deal 3/6/9/12/15% bonus magical damage. Typically found on Fey Monsters'),
    ('Rooted','Inherited','Slowed down by 3/6/9/12/15%, receive 5/10/15/20/25% less damage. Typically found on Plant Monsters.'),
    ('Healer','Inherited','Damage Healed by this monster is increased by 15/30/45/60/75%. Typically found on Compassion Monsters.'),
    ('Toxic','Inherited','30/50/70/90/100% chance to deal 1/2/3/4/5 poison damage when attacking. Typically found on Rotten or Poison Monsters.'),
    ('Rebirth','Inherited','Three turns after being killed, resurrect with 10/20/30/40/50% of your health. Reduce Health by 30/25/20/17/15%. Typically found on Phoenix Monsters, as well as some Angel Monsters.'),
    ('Costal','Inherited','On the beach, deal 3/6/9/12/15 % extra damage. Typically found on a Seabreeze Monster.'),
    ('Flock','Inherited','For every team member with at least one rank in "flock", deal 1/2/3/4/5 % bonus damage, and take 1/2/3/4/5% less damage. Typically found on Bird, Aero, and Cocka Monsters.'),
    ('Vampire','Inherited','Absorb 10/15/20/35/50% of the physical damage you deal as health. Typically found on Nightwing Monsters.'),
    ('Diurnal','Inherited','2/4/6/8/10% additional damage in the sunshine. Typically found on Solar Monsters. Cannot be combined with Nocturnal.'),
    ('Nocturnal','Inherited','2/4/6/8/10% additional damage at night. Typically found on a Lunar, or a Umbral Monster. Cannot be combined with Diurnal'),
    ('Protector','Inherited','Increase defense by 1/2/3/4/5% for each attacker Taunted by you. Typically found on the physical branch of the Guardian subelement.'),
    ('Regenerator','Inherited','While you have temporary hit points, heal the hit points, and your own by 1/2/3/4/5 points at the end of your turn. Typically found on the magical branch of the Guardian subelement.'),
    ('Avenger','Inherited','Deal 3/6/9/12/15% bonus damage against Dark-Primary Monsters. Typically found on Angel and Vengeance Monsters.'),
    ('Connection','Inherited','Deal 1/2/3/4/5% bonus damage if the party is full. Typically found on Luxor Monsters.'),
    ('Guilt','Inherited','If you deal damage to a Light primary being, take 10/20/30/40/50% of the damage on yourself. Typically found on Redemption Monsters.'),
    ('Hypocrisy Hater','Inherited','Deal 4/8/12/16/25% more damage to Primary Light enemies, and an additional 2/4/6/8/10% to Luxor and Angel Enemies. Typically found on Demon, Betrayer, and some Umbral Monsters.'),
    ('Isolation','Inherited','Deal 10/20/30/40/60% more damage when the only fighter left in the party. Typically found on Umbral Monsters.'),
    ('Random Rainbow','Inherited','The skin of this monster is a hallucinogenic, and contact with it will deal (1/2/3/4/5) points of a random effect. Commonly seen on the balanced branch of the Amphibious subelement.'),
    ('Elemental Stone','Inherited','Deal 10/15/20/25/40% more damage for each stone equipped by the player'),
    ('Death Consuming','Inherited','Deal 2/4/6/8/10% more damage per corpse on the battle, typically found on Undead Monsters or some Nightwing Monsters.'),
    ('Pyromancy','Elemental Magic','Bonus (10*intensity)% fire damage on magical skills'),
    ('Aquamancy','Elemental Magic','Bonus (10*intensity)% water damage on magical skills'),
    ('Terramancy','Elemental Magic','Bonus (10*intensity)% earth damage on magical skills'),
    ('Aeromancy','Elemental Magic','Bonus (10*intensity)% air damage on magical skills'),
    ('Luxormancy','Elemental Magic','Bonus (10*intensity)% light damage on magical skills'),
    ('Umbramancy','Elemental Magic','Bonus (10*intensity)% dark damage on magical skills'),
    ('Calm','Stat Modifiers','A positive value will result in Calm: Deal and receive 20/40/60/80/100% additional Calm Damage. Typically found on Compassion Monsters. A negative value will result in Angry: Deal and receive 20/40/60/80/100% less Calm Damage. Cannot be combined with Calm. Typically found on Demon and Vengeance Monsters.'),
    ('Hot','Stat Modifiers','A positive value will result in Hot: Slightly increases the temperature of the battlefield each turn. Takes severe damage in cold conditions. Typically found on Pyro and Lava monsters. A negative value will result in Cold: Slightly decreases the temperature of the battlefield each turn. Takes severe damage in hot conditions. Typically found on Ice monsters.'),
    ('Strong','Stat Modifiers','A positive value will result in Strong: Deal 5/10/15/20/30% additional damage in melee combat. Typically found on Dinosaurs and Physical evolutions. A negative value will result in Weak: deal 5/10/15/20/30% less damage in melee combat. Typically found on Magical Evolutions.'),
    ('Wise','Stat Modifiers','A positive value will result in Wise: deal 5/10/15/20/30% additional magic damage. Increase experience gain by 2/4/6/8/12% Typically found on Magical Evolutions. A negative value will result in Dumb: 	deal 5/10/15/20/30% less magic damage. Decrease experience gain by 2/4/6/8/12% Typically found on Dinosaurs and Physical evolutions.'),
    ('Fast','Stat Modifiers','A positive value will result in Fast: Increase speed in turn calculation by 5/10/15/20/25% Typically found on Air primary monsters or Pegasus Monsters. A negative value will result in Slow: Reduce speed in turn calculation by 5/10/15/20/25% Typically found on Elder Physical monsters, or the Physical branch (turtles) of the Amphibious Secondary element.'),
    ('Hardy','Stat Modifiers','A positive value will result in Hardy: Gain 5/10/15/20/25% Extra health. Typically found on Elder Physical monsters, or the Physical branch (turtles) of the Amphibious Secondary element, or the Undead. A negative value will result in Faint: Reduce Health by 5/10/15/20/25%. Typically found on Phoenix monsters.'),
    ('Rich','Stat Modifiers','A positive value will result in Poor: Gain 10/20/25/30/35% less gold from battle. Instead, gain 5/10/13/17/20% bonus experience for just this monster, only if there are no Rich monsters in party.');
    
INSERT INTO traits(traits_name, monster_type_id)
VALUES
	('Flarial Traits', 1),
    ('Pyrus Traits',2),
    ('Flarpup Traits',3),
    ('Pyro Symbol Traits',4),
    ('Pyos Traits',5),
    ('Comet Traits',6),
    ('Fire Opal Traits',7),
    ('Pyro Elemental Traits',8),
    ('Pyres Traits',9),
    ('Bollide Traits',10),
    ('Ruby Triats',11),
    ('Primordial Pyro Elemental Traits',12),
    ('Philammon Traits',13),
    ('Crerops Traits',14),
    ('Oil Puddle Traits',15),
    ('Corynetes Traits',16),
    ('Philottus Traits',17),
    ('Lava Pool Traits',18),
    ('Cercyon Traits',19),
    ('Vulcanous Traits',20),
    ('Magma Lake Traits',21),
    ('Vagrus Traits',22),
    ('Salamander Traits',23),
    ('Raptor Traits',24),
    ('Winger Traits',25),
    ('Herbisaur Traits',26),
    ('Tyrant Traits',27),
    ('Steel Winger Traits',28),
    ('Spikevorsaur Traits',29),
    ('Great White Tyrant Traits',30),
    ('Edge Winger Traits',31),
    ('Broncheospikesaur Traits',32),
    ('Kangarat Traits',33),
    ('Slynx Traits',34),
    ('Skorpi Triats',35),
    ('Humpless Traits',36),
    ('Sphynx Triats',37),
    ('Scarpi Traits',38),
    ('Unihump Traits',39),
    ('Greater Sphynx Traits',40),
    ('Scorpious Traits',41),
    ('Bihump Traits',42),
    ('Angier Traits', 43),
    ('Justicar Traits',44),
    ('Ayruved Traits',45),
    ('Ordinator Traits',46),
    ('Anyr Triats',47),
    ('Zireal Triats',48),
    ('Justicer Traits',49),
    ('Spiten Traits',50),
    ('Jacobia Traits',51),
    ('Lizbet Traits',52),
    ('Letham Traits',53),
    ('D\'Hoffry Traits',54),
    ('Revenant Traits',55),
    ('Halfrec Traits',56),
    ('Minor Steamlet Traits',57),
    ('Lesser Steamlet Traits',58),
    ('Scaldar Traits',59),
    ('Steamlet Traits',60),
    ('Excoriator Traits',61),
    ('Greater Steamlet Traits',62),
    ('Meldor Traits',63),
    ('Minnow Traits',64),
    ('Edgefin Traits',65),
    ('Cuddlerfish Traits',66),
    ('Aqua Symbol Traits',67),
    ('Slicefin Traits',68),
    ('Snugglerfish Traits',69),
    ('Torquoise Traits',70),
    ('Aqua Elemental Triats',71),
    ('Blue Dragon Traits',72),
    ('Leviathan Traits',73),
    ('Sapphire Traits',74),
    ('Primordial Aqua Elemental Traits',75),
    ('Tapple Traits',76),
    ('Hider Traits',77),
    ('Rainbow Frog Traits',78),
    ('Frogami Traits',79),
    ('Snapper Traits',80),
    ('Fraugaudy Traits',81),
    ('Esotoad Traits',82),
    ('Crushller Traits',83),
    ('Frogealer Traits',84),
    ('Metitode Traits',85),
    ('Cirrus Traits',86),
    ('Cumulus Traits',87),
    ('Stratus Traits',88),
    ('Nimbus Traits',89),
    ('Nephol Traits',90),
    ('Cumulostratus Traits',91),
    ('Nimbuloponderant Traits',92),
    ('Thunderus Traits',93),
    ('Cirricumulus Traits',94),
    ('Cumulonimbus Traits',95),
    ('Snoball Traits',96),
    ('Fauxice Traits',97),
    ('Princeguin Traits',98),
    ('Icebreaker Traits',99),
    ('Freki Traits',100),
    ('Kinguin Traits',101),
    ('White Limper',102),
    ('Ice Witch',103),
    ('Bearon',104),
    ('Emperorguin',105),
    ('Iceking',106),
    ('Ice Lich',107),
    ('Deepfish',108),
    ('Inker',109),
    ('Starish',110),
    ('Jelly',111),
    ('Vasquid',112);
    
--  Select * from traits;
-- Select trait_id, name from trait;

Select * from monster_type where monster_type_id > 75 AND Monster_type_id < 200;

INSERT INTO trait_intensity_lookup(traits_id, trait_id, intensity)
VALUES
	(1,1,1),(1,4,1),(1,11,1),(1,20,1),(1,12,1),(1,15,1),(1,56,1),
    (2,1,1),(2,5,1),(2,11,1),(2,20,2),(2,12,1),(2,16,2),(2,17,1),(2,56,2),
    (3,1,1),(3,5,1),(3,11,1),(3,15,1),(3,20,1),(3,19,1),(3,49,1),(3,56,1),
    (4,1,1),(4,5,1),(4,11,1),(4,15,1),(4,20,1),(4,19,1),(4,49,1),(4,56,1),
    (5,1,1),(5,6,1),(5,11,1),(5,12,2),(5,20,3),(5,17,2),(5,57,1),(5,58,-1),(5,56,3),
    (6,1,1),(6,6,1),(6,11,1),(6,16,2),(6,12,1),(6,20,3),(6,18,2),(6,59,2),(6,56,3),
    (7,1,1),(7,6,1),(7,11,1),(7,15,1),(7,20,1),(7,18,1),(7,19,1),(7,47,1),(7,56,1),(7,61,1),
    (8,1,1),(8,6,1),(8,11,1),(8,15,1),(8,19,2),(8,20,1),(8,49,2),(8,51,1),(8,54,1),(8,56,1),(8,58,1),
    (9,1,1),(9,7,1),(9,11,1),(9,15,1),(9,17,3),(9,20,4),(9,55,-2),(9,56,4),(9,57,2),(9,58,-2),    
    (10,1,1),(10,7,1),(10,11,1),(10,16,2),(10,18,3),(10,20,4),(10,56,4),(10,59,3),
    (11,1,1),(11,7,1),(11,11,1),(11,15,1),(11,18,2),(11,19,2),(11,20,2),(11,47,2),(11,56,2),(11,61,2),
    (12,1,1),(12,7,1),(12,19,3),(12,20,2),(12,49,3),(12,50,1),(12,51,1),(12,52,1),(12,53,1),(12,54,1),(12,55,-1),(12,56,2),(12,57,-1),(12,58,2),
    (13,2,1),(13,4,1),(13,11,1),(13,16,1),(13,56,1),
    (14,1,1),(14,5,1),(14,10,5),(14,16,2),(14,17,1),(14,56,2),(14,57,1),
    (15,2,1),(15,5,1),(15,11,1),(15,16,2),(15,18,1),(15,56,2),
    (16,2,1),(16,5,1),(16,10,5),(16,15,1),(16,19,1),(16,56,2),
    (17,1,1),(17,6,1),(17,10,5),(17,16,3),(17,17,2),(17,56,3),(17,57,2),(17,58,-1),
    (18,2,1),(18,6,1),(18,11,1),(18,16,3),(18,18,2),(18,55,-1),(18,56,3),
    (19,2,1),(19,6,1),(19,10,5),(19,15,1),(19,19,2),(19,56,3),(19,57,-1),(19,58,1),
    (20,1,1),(20,7,1),(20,10,5),(20,16,4),(20,17,3),(20,55,-1),(20,56,4),(20,57,3),(20,58,-2),
    (21,2,1),(21,7,1),(21,11,1),(21,16,5),(21,18,3),(21,55,-2),(21,56,4),(21,59,-1),
    (22,2,1),(22,7,1),(22,10,5),(22,15,1),(22,19,3),(22,55,-1),(22,56,4),(22,57,-2),(22,58,2),
    (23,1,1),(23,4,1),(23,10,2),(23,16,2),(23,57,1),(23,58,-1),
    (24,1,1),(24,5,1),(24,10,2),(24,16,3),(24,17,1),(24,57,2),
    (25,1,1),(25,5,1),(25,10,2),(25,14,1),(25,18,1),(25,59,1),
    (26,1,1),(26,4,1),(26,10,2),(26,16,3),(26,19,1),(26,60,1),(26,39,1),
    (27,1,1),(27,6,1),(27,10,1),(27,16,5),(27,17,2),(27,57,3),(27,58,-2),(27,59,-1),
    (28,1,1),(28,6,1),(28,10,2),(28,14,3),(28,18,2),(28,59,2),
    (29,1,1),(29,6,1),(29,10,2),(29,16,5),(29,19,2),(29,39,2),(29,60,2),
    (30,1,1),(30,7,1),(30,10,1),(30,16,5),(30,17,3),(30,57,4),(30,58,-3),
    (31,1,1),(31,7,1),(31,10,2),(31,14,5),(31,18,3),(31,57,1),(31,59,3),
    (32,1,1),(32,7,1),(32,10,1),(32,16,5),(32,19,3),(32,39,3),(32,57,1),(32,60,3),
    (33,1,1),(33,4,1),(33,10,2),(33,16,1),(33,23,1),(33,56,1),
    (34,1,1),(34,5,1),(34,10,2),(34,16,2),(34,17,1),(34,23,2),(34,56,1),
    (35,1,1),(35,5,1),(35,10,2),(35,16,1),(35,18,1),(35,23,2),(35,56,1),(35,32,1),
    (36,1,1),(36,5,1),(36,10,2),(36,16,3),(36,19,1),(36,23,2),(36,56,1),(36,60,1),
    (37,1,1),(37,6,1),(37,10,2),(37,16,3),(37,17,2),(37,23,3),(37,56,2),(37,57,1),(37,59,1),
    (38,1,1),(38,6,1),(38,10,2),(38,16,2),(38,18,2),(38,23,3),(38,56,2),(38,32,2),
    (39,1,1),(39,6,1),(39,10,2),(39,16,5),(39,19,2),(39,23,3),(39,56,2),(39,58,1),(39,59,-1),(39,60,2),
    (40,1,1),(40,7,1),(40,10,2),(40,16,5),(40,17,3),(40,23,4),(40,56,3),(40,57,2),(40,58,2),(40,60,1),
    (41,1,1),(41,7,1),(41,10,2),(41,16,5),(41,18,3),(41,23,4),(41,32,3),(41,56,3),(41,59,1),
    (42,1,1),(42,7,1),(42,10,2),(42,16,5),(42,19,3),(42,23,4),(42,49,1),(42,52,1),(42,56,3),(42,57,-1),(42,58,2),(42,59,-1),(42,60,3),
    (43,1,1),(43,4,1),(43,10,2),(43,16,1),(43,24,1),
    (44,1,1),(44,5,1),(44,10,2),(44,16,2),(44,17,1),(44,24,2),(44,43,1),
    (45,1,1),(45,5,1),(45,10,3),(45,15,1),(45,19,1),(45,24,2),(45,43,1),
    (46,1,1),(46,6,1),(46,10,2),(46,16,3),(46,17,2),(46,24,3),(46,43,2),(46,57,1),
    (47,1,1),(47,6,1),(47,10,3),(47,15,1),(47,19,2),(47,24,3),(47,43,2),(47,58,1),
    (48,1,1),(48,7,1),(48,10,3),(48,16,4),(48,17,3),(48,24,4),(48,43,3),(48,55,1),(48,57,2),(48,61,1),
    (49,1,1),(49,7,1),(49,10,3),(49,15,1),(49,19,3),(49,24,4),(49,43,3),(49,55,1),(49,58,2),
    (50,1,1),(50,4,1),(50,10,3),(50,16,1),(50,55,-1),
    (51,1,1),(51,5,1),(51,10,3),(51,16,3),(51,17,1),(51,24,1),(51,55,-2),
    (52,1,1),(52,5,1),(52,10,4),(52,15,1),(52,19,1),(52,24,1),(52,55,-2),
    (53,1,1),(53,6,1),(53,10,3),(53,16,4),(53,17,2),(53,24,2),(53,55,-3),
    (54,1,1),(54,6,1),(54,10,4),(54,14,1),(54,19,2),(54,24,2),(54,55,-3),
    (55,1,1),(55,7,1),(55,10,1),(55,16,4),(55,17,3),(55,24,3),(55,55,-4),(55,57,2),
    (56,1,1),(56,7,1),(56,10,4),(56,14,2),(56,19,3),(56,24,3),(56,55,-4),(55,58,2);







    
    
